"Seed","CC_Size","Var","Level","LDM_TA","LDM_CC","LDM_HC_Prop","LDM_HC_IPF","LDM_TA_Prop_IPF","LDM_HC_Prop_IPF"
1,1000,"Gender","Female",0.726189676183882,0.856454871021784,0.856454871021784,0.0172899632008221,0.01244345885159,0.0172899632008221
1,1000,"Gender","Male",0.726189676183882,0.856454871021784,0.856454871021784,0.0172899632008223,0.0124434588515899,0.0172899632008223
1,1000,"Age_Group","40-59",0.422440263348624,0.422440263348624,0.422440263348624,0.000841922058019884,0.0332402551669409,0.000841922058019884
1,1000,"Age_Group","59+",0.422440263348624,0.422440263348624,0.422440263348624,0.000841922058020065,0.0332402551669406,0.000841922058020065
1,1000,"Race_or_Ethnicity","NH White",0.591670669304344,0.534792156861956,0.534792156861956,0.0116522139899116,0.00512526831040094,0.0116522139899116
1,1000,"Race_or_Ethnicity","NH Black",1.20874395551913,1.18074242469267,1.18074242469267,0.00810601792415649,0.0166676306583348,0.00810601792415649
1,1000,"Race_or_Ethnicity","NH Asian",0.856230905560711,1.75365564445962,1.75365564445962,0.00867765889905344,0.0115644205771006,0.00867765889905344
1,1000,"Race_or_Ethnicity","Hispanic",0.102499279318852,0.132783212655383,0.132783212655383,0.0431308581083568,0.0270135275157461,0.0431308581083568
1,1000,"Race_or_Ethnicity","Other",2.52197411660545,2.81065970143447,2.81065970143447,0.0253791586774969,0.0297269393277507,0.0253791586774969
1,750,"Gender","Female",0.726189676183882,0.837334954509942,0.871530384738864,0.00144560368720115,0.01244345885159,0.00364593936455561
1,750,"Gender","Male",0.726189676183882,0.837334954509942,0.871530384738864,0.00144560368720099,0.0124434588515899,0.00364593936455574
1,750,"Age_Group","40-59",0.422440263348624,0.361153403277919,0.416902871447506,0.00249321709206127,0.0332402551669409,0.0237095287713987
1,750,"Age_Group","59+",0.422440263348624,0.361153403277919,0.416902871447507,0.00249321709206102,0.0332402551669406,0.0237095287713989
1,750,"Race_or_Ethnicity","NH White",0.591670669304344,0.555152492735514,0.578040296209267,0.00268586002409339,0.00512526831040094,0.00457441968601059
1,750,"Race_or_Ethnicity","NH Black",1.20874395551913,1.20564721081719,1.14019071256887,0.00795847756339433,0.0166676306583348,0.0117941379932081
1,750,"Race_or_Ethnicity","NH Asian",0.856230905560711,2.31628802593447,1.23401864650522,0.0194897958103984,0.0115644205771006,0.0329776891214693
1,750,"Race_or_Ethnicity","Hispanic",0.102499279318852,0.149305523029696,0.24259554088255,0.00600507100138027,0.0270135275157461,0.0166617480117725
1,750,"Race_or_Ethnicity","Other",2.52197411660545,2.52197411660545,2.20385557888283,0.0292007642114049,0.0297269393277507,0.0172339941154484
1,500,"Gender","Female",0.726189676183882,0.834403260824115,0.907466157318017,0.0138279860162872,0.01244345885159,0.00396075207536084
1,500,"Gender","Male",0.726189676183882,0.834403260824115,0.907466157318017,0.0138279860162874,0.0124434588515899,0.00396075207536081
1,500,"Age_Group","40-59",0.422440263348624,0.296447783802588,0.43430658401165,0.00388258314544658,0.0332402551669409,0.00298993886461797
1,500,"Age_Group","59+",0.422440263348624,0.296447783802588,0.43430658401165,0.00388258314544642,0.0332402551669406,0.00298993886461769
1,500,"Race_or_Ethnicity","NH White",0.591670669304344,0.628042723180982,0.611744135703997,0.0109771858222944,0.00512526831040094,0.0148751344683904
1,500,"Race_or_Ethnicity","NH Black",1.20874395551913,1.27298386519776,1.14140772294731,0.000483713964711289,0.0166676306583348,0.0193545829184509
1,500,"Race_or_Ethnicity","NH Asian",0.856230905560711,1.90881286689828,1.22923170095036,0.00235315735412541,0.0115644205771006,0.0465049623397339
1,500,"Race_or_Ethnicity","Hispanic",0.102499279318852,0.181732944711495,0.313328389678804,0.0446327696210406,0.0270135275157461,0.00498672004214555
1,500,"Race_or_Ethnicity","Other",2.52197411660545,3.21712731589226,2.20257855770124,0.00446301943330402,0.0297269393277507,0.0239522619915322
1,250,"Gender","Female",0.726189676183882,0.932608784556897,0.946071240346571,0.00599273117714775,0.01244345885159,0.0195787916137548
1,250,"Gender","Male",0.726189676183882,0.932608784556898,0.946071240346571,0.0059927311771476,0.0124434588515899,0.0195787916137549
1,250,"Age_Group","40-59",0.422440263348624,0.296447783802588,0.506494749641155,0.0022530779599048,0.0332402551669409,0.0227168141014226
1,250,"Age_Group","59+",0.422440263348624,0.296447783802588,0.506494749641155,0.00225307795990457,0.0332402551669406,0.0227168141014223
1,250,"Race_or_Ethnicity","NH White",0.591670669304344,0.603809687022428,0.598666023909313,0.00355092757576895,0.00512526831040094,0.00663353667080328
1,250,"Race_or_Ethnicity","NH Black",1.20874395551913,1.21801289330113,1.05002879767746,0.00484911526734972,0.0166676306583348,0.0154257505036201
1,250,"Race_or_Ethnicity","NH Asian",0.856230905560711,1.6191166950748,1.00429715324862,0.00348928497325938,0.0115644205771006,0.00871164763905277
1,250,"Race_or_Ethnicity","Hispanic",0.102499279318852,0.200810211562416,0.404972095882918,0.00730493078668896,0.0270135275157461,0.0042900987958022
1,250,"Race_or_Ethnicity","Other",2.52197411660545,2.52197411660545,1.93152478559586,0.00858695553193694,0.0297269393277507,0.0292230990188296
1,0,"Gender","Female",0.726189676183882,Inf,0.945785935461137,0.00553864743798868,0.01244345885159,0.00232368216265347
1,0,"Gender","Male",0.726189676183882,Inf,0.945785935461137,0.00553864743798854,0.0124434588515899,0.00232368216265334
1,0,"Age_Group","40-59",0.422440263348624,Inf,0.64760376264287,0.0164945506647111,0.0332402551669409,0.00560984736306646
1,0,"Age_Group","59+",0.422440263348624,Inf,0.64760376264287,0.0164945506647109,0.0332402551669406,0.00560984736306666
1,0,"Race_or_Ethnicity","NH White",0.591670669304344,Inf,0.597001550617578,0.00324731526490898,0.00512526831040094,0.00546040851134087
1,0,"Race_or_Ethnicity","NH Black",1.20874395551913,Inf,1.02073892332728,0.0135396755450611,0.0166676306583348,0.0110958872487536
1,0,"Race_or_Ethnicity","NH Asian",0.856230905560711,Inf,0.619075855230207,0.0604279820244765,0.0115644205771006,0.0134188505209003
1,0,"Race_or_Ethnicity","Hispanic",0.102499279318852,Inf,0.36048353850967,0.0104517718868014,0.0270135275157461,0.022702663240112
1,0,"Race_or_Ethnicity","Other",2.52197411660545,Inf,1.575491988244,0.018905025653957,0.0297269393277507,0.0296353001348876
2,1000,"Gender","Female",0.717665383757334,0.865317623736562,0.865317623736562,0.00992406609314858,0.0163901973657661,0.00992406609314858
2,1000,"Gender","Male",0.717665383757334,0.865317623736562,0.865317623736562,0.00992406609314845,0.0163901973657659,0.00992406609314845
2,1000,"Age_Group","40-59",0.388764213021911,0.462523035645646,0.462523035645646,0.00232378631267568,0.0140856016041304,0.00232378631267568
2,1000,"Age_Group","59+",0.388764213021911,0.462523035645646,0.462523035645646,0.00232378631267589,0.0140856016041302,0.00232378631267589
2,1000,"Race_or_Ethnicity","NH White",0.579515420580926,0.473348778317575,0.473348778317575,0.0131939409567637,0.00606049408017642,0.0131939409567637
2,1000,"Race_or_Ethnicity","NH Black",1.13816428369286,1.07533744581703,1.07533744581703,0.0198492181376055,0.00262201141586884,0.0198492181376055
2,1000,"Race_or_Ethnicity","NH Asian",1.6191166950748,2.31628802593447,2.31628802593447,0.0176814971643551,0.0649945863210534,0.0176814971643551
2,1000,"Race_or_Ethnicity","Hispanic",0.283410803761791,0.181732944711495,0.181732944711495,0.0215174391092699,0.0240277703792581,0.0215174391092699
2,1000,"Race_or_Ethnicity","Other",2.11449895756926,1.82480278574578,1.82480278574578,0.0209215627579958,0.0183508514132052,0.0209215627579958
2,750,"Gender","Female",0.717665383757334,0.932608784556897,0.963828618377778,0.0123432498527201,0.0163901973657661,0.0179839518854642
2,750,"Gender","Male",0.717665383757334,0.932608784556898,0.963828618377778,0.01234324985272,0.0163901973657659,0.0179839518854641
2,750,"Age_Group","40-59",0.388764213021911,0.545497205452642,0.590914919453145,0.00716578256156777,0.0140856016041304,0.0121418101459036
2,750,"Age_Group","59+",0.388764213021911,0.545497205452642,0.590914919453145,0.00716578256156797,0.0140856016041302,0.0121418101459039
2,750,"Race_or_Ethnicity","NH White",0.579515420580926,0.484315243443758,0.502811197416671,0.00284007794221893,0.00606049408017642,0.00560179517605007
2,750,"Race_or_Ethnicity","NH Black",1.13816428369286,1.07859987856842,1.01528374593934,0.0127602201106993,0.00262201141586884,0.0105760296048248
2,750,"Race_or_Ethnicity","NH Asian",1.6191166950748,2.31628802593447,1.47293354397073,0.004535863058792,0.0649945863210534,0.0285963418257649
2,750,"Race_or_Ethnicity","Hispanic",0.283410803761791,0.225824021976345,0.314323342093614,0.0254194140278613,0.0240277703792581,0.0054828170489285
2,750,"Race_or_Ethnicity","Other",2.11449895756926,2.23295245922461,1.92111775602209,0.0491789326988907,0.0183508514132052,0.0244338216322221
2,500,"Gender","Female",0.717665383757334,0.98757975645353,0.977925188370479,0.0130495348674714,0.0163901973657661,0.00110821094749077
2,500,"Gender","Male",0.717665383757334,0.98757975645353,0.977925188370479,0.0130495348674713,0.0163901973657659,0.00110821094749064
2,500,"Age_Group","40-59",0.388764213021911,0.632699476782834,0.67964776177985,0.0093498128381787,0.0140856016041304,0.00143678634564255
2,500,"Age_Group","59+",0.388764213021911,0.632699476782834,0.67964776177985,0.00934981283817886,0.0140856016041302,0.0014367863456424
2,500,"Race_or_Ethnicity","NH White",0.579515420580926,0.390404514204205,0.460608136831694,0.00486302061183976,0.00606049408017642,0.00787413540180533
2,500,"Race_or_Ethnicity","NH Black",1.13816428369286,1.01580668890004,0.966381663605305,0.0084315340038227,0.00262201141586884,0.0178265289730595
2,500,"Race_or_Ethnicity","NH Asian",1.6191166950748,3.01144122522128,1.46536336007035,0.0845802907019885,0.0649945863210534,0.0337335844518176
2,500,"Race_or_Ethnicity","Hispanic",0.283410803761791,0.142721874042036,0.303434117249943,0.0149158566686941,0.0240277703792581,0.0070111558456464
2,500,"Race_or_Ethnicity","Other",2.11449895756926,2.11449895756926,1.85054075408084,0.00858041825302713,0.0183508514132052,0.00349933453389227
2,250,"Gender","Female",0.717665383757334,0.932608784556897,0.93012681219773,0.0119032197566408,0.0163901973657661,0.0263947183148769
2,250,"Gender","Male",0.717665383757334,0.932608784556898,0.93012681219773,0.0119032197566406,0.0163901973657659,0.0263947183148768
2,250,"Age_Group","40-59",0.388764213021911,0.724821382707622,0.688008729865064,0.00811800090828478,0.0140856016041304,0.00304544136316997
2,250,"Age_Group","59+",0.388764213021911,0.724821382707622,0.688008729865064,0.0081180009082845,0.0140856016041302,0.00304544136317018
2,250,"Race_or_Ethnicity","NH White",0.579515420580926,0.456860902335438,0.516573859857602,0.0325206281559399,0.00606049408017642,0.000562472831987826
2,250,"Race_or_Ethnicity","NH Black",1.13816428369286,1.0258380706682,0.975352796587488,0.00590894523228379,0.00262201141586884,0.0107141309526738
2,250,"Race_or_Ethnicity","NH Asian",1.6191166950748,2.31628802593447,1.46902372171501,0.054953439012956,0.0649945863210534,0.0238600180440534
2,250,"Race_or_Ethnicity","Hispanic",0.283410803761791,0.238155850921267,0.39416341625836,0.0365552555648331,0.0240277703792581,0.0153873406034335
2,250,"Race_or_Ethnicity","Other",2.11449895756926,1.82480278574578,1.72111932331298,0.00968782514984049,0.0183508514132052,0.0205611193931456
2,0,"Gender","Female",0.717665383757334,Inf,0.84084397621651,0.00729605314210501,0.0163901973657661,0.0169559174250577
2,0,"Gender","Male",0.717665383757334,Inf,0.84084397621651,0.00729605314210488,0.0163901973657659,0.0169559174250578
2,0,"Age_Group","40-59",0.388764213021911,Inf,0.564376946478501,0.00580327760016086,0.0140856016041304,0.0173396168432566
2,0,"Age_Group","59+",0.388764213021911,Inf,0.564376946478502,0.00580327760016056,0.0140856016041302,0.0173396168432568
2,0,"Race_or_Ethnicity","NH White",0.579515420580926,Inf,0.609879488602777,0.00606292307290744,0.00606049408017642,0.00672951813897594
2,0,"Race_or_Ethnicity","NH Black",1.13816428369286,Inf,0.983085547886998,0.0114788284889984,0.00262201141586884,0.0235528228022296
2,0,"Race_or_Ethnicity","NH Asian",1.6191166950748,Inf,0.57602585401787,0.0784297777960114,0.0649945863210534,0.0255202363575223
2,0,"Race_or_Ethnicity","Hispanic",0.283410803761791,Inf,0.437109082021015,0.0186989120686282,0.0240277703792581,0.0131874762389273
2,0,"Race_or_Ethnicity","Other",2.11449895756926,Inf,1.47408945731464,0.00489603047800416,0.0183508514132052,0.00765374818148511
3,1000,"Gender","Female",0.734732173406997,0.892056112251393,0.892056112251393,0.0102724495247433,0.00866015000361621,0.0102724495247433
3,1000,"Gender","Male",0.734732173406997,0.892056112251393,0.892056112251393,0.0102724495247434,0.00866015000361606,0.0102724495247434
3,1000,"Age_Group","40-59",0.433802924445553,0.479977313362719,0.479977313362719,0.00915698722494037,0.026112116422217,0.00915698722494037
3,1000,"Age_Group","59+",0.433802924445553,0.479977313362719,0.479977313362719,0.00915698722494014,0.0261121164222171,0.00915698722494014
3,1000,"Race_or_Ethnicity","NH White",0.534792156861956,0.452731531729187,0.452731531729187,0.00425948657535761,0.00308754546192849,0.00425948657535761
3,1000,"Race_or_Ethnicity","NH Black",1.07043523491141,1.05072190894946,1.05072190894946,0.00254192493027567,0.00615696249537552,0.00254192493027567
3,1000,"Race_or_Ethnicity","NH Asian",1.50032508646353,1.75365564445962,1.75365564445962,0.000762647786883012,0.077618288772513,0.000762647786883012
3,1000,"Race_or_Ethnicity","Hispanic",0.256441907548564,0.142721874042036,0.142721874042036,0.0343448383475699,0.0071021984492334,0.0343448383475699
3,1000,"Race_or_Ethnicity","Other",1.50332027896508,1.70601117713451,1.70601117713451,0.0115751427929026,0.0166154384968417,0.0115751427929026
3,750,"Gender","Female",0.734732173406997,0.920535425944639,0.949888241160745,0.0210369855878738,0.00866015000361621,0.00548526007638213
3,750,"Gender","Male",0.734732173406997,0.920535425944639,0.949888241160745,0.021036985587874,0.00866015000361606,0.00548526007638227
3,750,"Age_Group","40-59",0.433802924445553,0.489748512360868,0.54383516686109,0.00823155599934943,0.026112116422217,0.0109256517344962
3,750,"Age_Group","59+",0.433802924445553,0.489748512360868,0.543835166861091,0.00823155599934917,0.0261121164222171,0.010925651734496
3,750,"Race_or_Ethnicity","NH White",0.534792156861956,0.384826757167252,0.427484018252323,0.00244211737883431,0.00308754546192849,0.000149764624164069
3,750,"Race_or_Ethnicity","NH Black",1.07043523491141,0.98543506388631,0.939910231998824,0.00454493457929719,0.00615696249537552,0.00207938358970198
3,750,"Race_or_Ethnicity","NH Asian",1.50032508646353,2.02726636855363,1.50958783050123,0.00284558483436948,0.077618288772513,0.0319190761306806
3,750,"Race_or_Ethnicity","Hispanic",0.256441907548564,0.109290938133596,0.239852005923176,0.0300814993990909,0.0071021984492334,0.00486559238852156
3,750,"Race_or_Ethnicity","Other",1.50332027896508,1.53442892162828,1.38153143730946,0.00526852090694589,0.0166154384968417,0.00041994106072627
3,500,"Gender","Female",0.734732173406997,0.923549110342377,0.954712499100475,0.0191537082056808,0.00866015000361621,0.000984696223443632
3,500,"Gender","Male",0.734732173406997,0.923549110342378,0.954712499100475,0.0191537082056808,0.00866015000361606,0.000984696223443787
3,500,"Age_Group","40-59",0.433802924445553,0.619958503287983,0.671607266609961,0.0103948537865319,0.026112116422217,0.00853514105668566
3,500,"Age_Group","59+",0.433802924445553,0.619958503287983,0.671607266609961,0.0103948537865316,0.0261121164222171,0.00853514105668543
3,500,"Race_or_Ethnicity","NH White",0.534792156861956,0.465110685132841,0.493796859134471,0.0101055928925337,0.00308754546192849,0.0043579012724007
3,500,"Race_or_Ethnicity","NH Black",1.07043523491141,1.03582457213458,0.947055556700692,0.00503531447944073,0.00615696249537552,0.0132373140739761
3,500,"Race_or_Ethnicity","NH Asian",1.50032508646353,1.6191166950748,1.43297472678886,0.110526233944122,0.077618288772513,0.0779270926537213
3,500,"Race_or_Ethnicity","Hispanic",0.256441907548564,0.181732944711495,0.348201185392375,0.00085459805096925,0.0071021984492334,0.0172225692872177
3,500,"Race_or_Ethnicity","Other",1.50332027896508,1.59964107027533,1.26915746335586,0.0041670223871679,0.0166154384968417,0.00574805386252738
3,250,"Gender","Female",0.734732173406997,0.932608784556897,0.942418688075465,0.00642745186248797,0.00866015000361621,0.00263634061244124
3,250,"Gender","Male",0.734732173406997,0.932608784556898,0.942418688075465,0.00642745186248782,0.00866015000361606,0.00263634061244113
3,250,"Age_Group","40-59",0.433802924445553,0.361153403277919,0.502911969038378,0.0061969039905035,0.026112116422217,0.00267422855086316
3,250,"Age_Group","59+",0.433802924445553,0.361153403277919,0.502911969038378,0.00619690399050366,0.0261121164222171,0.00267422855086339
3,250,"Race_or_Ethnicity","NH White",0.534792156861956,0.538868670407498,0.56634696374795,0.0092462645696894,0.00308754546192849,0.00402631946755337
3,250,"Race_or_Ethnicity","NH Black",1.07043523491141,1.10453830591133,0.958770254643855,0.00994303683317241,0.00615696249537552,0.0544381629589583
3,250,"Race_or_Ethnicity","NH Asian",1.50032508646353,0.917872304282233,0.925745901492018,0.0518122465687478,0.077618288772513,0.021794721190747
3,250,"Race_or_Ethnicity","Hispanic",0.256441907548564,0.238155850921267,0.481366233620691,0.0255055057305883,0.0071021984492334,0.00112519606855382
3,250,"Race_or_Ethnicity","Other",1.50332027896508,Inf,2.0339228445884,0.012240553691942,0.0166154384968417,0.0504671697936628
3,0,"Gender","Female",0.734732173406997,Inf,0.933780240721045,0.00389389852228014,0.00866015000361621,0.0154390220548194
3,0,"Gender","Male",0.734732173406997,Inf,0.933780240721046,0.00389389852228005,0.00866015000361606,0.0154390220548196
3,0,"Age_Group","40-59",0.433802924445553,Inf,0.671712459218128,0.0076685255708753,0.026112116422217,0.00322315053301444
3,0,"Age_Group","59+",0.433802924445553,Inf,0.671712459218128,0.00766852557087503,0.0261121164222171,0.00322315053301423
3,0,"Race_or_Ethnicity","NH White",0.534792156861956,Inf,0.545458667031139,0.0117303517816621,0.00308754546192849,0.0259824820453372
3,0,"Race_or_Ethnicity","NH Black",1.07043523491141,Inf,0.880159759877599,0.000958679001153621,0.00615696249537552,0.0147443202933003
3,0,"Race_or_Ethnicity","NH Asian",1.50032508646353,Inf,1.35866672699019,0.0164012667164244,0.077618288772513,0.0540052023805464
3,0,"Race_or_Ethnicity","Hispanic",0.256441907548564,Inf,0.519450042751336,0.0141470054910011,0.0071021984492334,0.0272066555738773
3,0,"Race_or_Ethnicity","Other",1.50332027896508,Inf,1.10137458772113,0.0458655098303408,0.0166154384968417,0.0429077637364969
4,1000,"Gender","Female",0.790728197321453,0.825623573172069,0.825623573172069,0.00335323659947533,8.18738534222578e-05,0.00335323659947533
4,1000,"Gender","Male",0.790728197321454,0.825623573172069,0.825623573172069,0.00335323659947551,8.1873853422372e-05,0.00335323659947551
4,1000,"Age_Group","40-59",0.619958503287983,0.450980361667713,0.450980361667713,0.0193428840273885,0.0182047184674691,0.0193428840273885
4,1000,"Age_Group","59+",0.619958503287983,0.450980361667713,0.450980361667713,0.0193428840273886,0.0182047184674687,0.0193428840273886
4,1000,"Race_or_Ethnicity","NH White",0.473348778317575,0.526632210156546,0.526632210156546,0.000615362119851059,0.019514479823461,0.000615362119851059
4,1000,"Race_or_Ethnicity","NH Black",1.09484455028192,1.14768811985183,1.14768811985183,0.00756419404540319,0.0271844067065287,0.00756419404540319
4,1000,"Race_or_Ethnicity","NH Asian",1.2976341882941,2.60497361076349,2.60497361076349,0.0358321555107007,0.00322530736172141,0.0358321555107007
4,1000,"Race_or_Ethnicity","Hispanic",0.0714826298380289,0.200810211562416,0.200810211562416,0.00545628038525209,0.0037869711604461,0.00545628038525209
4,1000,"Race_or_Ethnicity","Other",1.82480278574578,2.29782604486523,2.29782604486523,0.00877173981741858,0.0107943573938936,0.00877173981741858
4,750,"Gender","Female",0.790728197321453,0.808132047670215,0.867800440203168,0.0159131646631544,8.18738534222578e-05,0.0050226691517087
4,750,"Gender","Male",0.790728197321454,0.808132047670215,0.867800440203168,0.0159131646631545,8.1873853422372e-05,0.00502266915170853
4,750,"Age_Group","40-59",0.619958503287983,0.450980361667713,0.523624885597163,0.00745541549998707,0.0182047184674691,0.00260014490732292
4,750,"Age_Group","59+",0.619958503287983,0.450980361667713,0.523624885597163,0.00745541549998729,0.0182047184674687,0.00260014490732272
4,750,"Race_or_Ethnicity","NH White",0.473348778317575,0.565989417967529,0.556118776775086,0.00874349205726257,0.019514479823461,0.010692283973417
4,750,"Race_or_Ethnicity","NH Black",1.09484455028192,1.16190663840857,1.08970419281182,0.0012216033861696,0.0271844067065287,0.00917264309772626
4,750,"Race_or_Ethnicity","NH Asian",1.2976341882941,2.31628802593447,1.36382495952117,0.0584521314903153,0.00322530736172141,0.0689025901929568
4,750,"Race_or_Ethnicity","Hispanic",0.0714826298380289,0.238155850921267,0.272030027524824,0.0102327753246189,0.0037869711604461,0.0278370305651156
4,750,"Race_or_Ethnicity","Other",1.82480278574578,2.0084675260862,1.71165187165693,0.00178486567893466,0.0107943573938936,0.00834750575666618
4,500,"Gender","Female",0.790728197321453,0.799419369707153,0.889655220481235,0.00542989285988538,8.18738534222578e-05,0.00419636037256608
4,500,"Gender","Male",0.790728197321454,0.799419369707153,0.889655220481235,0.00542989285988524,8.1873853422372e-05,0.00419636037256618
4,500,"Age_Group","40-59",0.619958503287983,0.450980361667713,0.562831935337243,0.0128397506259634,0.0182047184674691,0.0234930989740759
4,500,"Age_Group","59+",0.619958503287983,0.450980361667713,0.562831935337243,0.0128397506259632,0.0182047184674687,0.023493098974076
4,500,"Race_or_Ethnicity","NH White",0.473348778317575,0.530713348743551,0.506886045565171,0.00311544652165881,0.019514479823461,0.00608850230448421
4,500,"Race_or_Ethnicity","NH Black",1.09484455028192,1.1141931271822,1.01709083158073,0.000536855655044466,0.0271844067065287,0.0128216289777169
4,500,"Race_or_Ethnicity","NH Asian",1.2976341882941,3.01144122522128,1.63123901521198,0.0602496342351634,0.00322530736172141,0.019206759782485
4,500,"Race_or_Ethnicity","Hispanic",0.0714826298380289,0.274481216263259,0.314094196250337,0.0264528253478006,0.0037869711604461,0.0210619048237632
4,500,"Race_or_Ethnicity","Other",1.82480278574578,2.11449895756926,1.71588889063261,0.0197635555596234,0.0107943573938936,0.0214107233945369
4,250,"Gender","Female",0.790728197321453,0.739010364612944,0.928966712249425,0.00979193043700327,8.18738534222578e-05,0.00323011996744317
4,250,"Gender","Male",0.790728197321454,0.739010364612944,0.928966712249424,0.00979193043700316,8.1873853422372e-05,0.00323011996744303
4,250,"Age_Group","40-59",0.619958503287983,0.545497205452642,0.674108647774743,0.00518027958669526,0.0182047184674691,0.00143970075903076
4,250,"Age_Group","59+",0.619958503287983,0.545497205452642,0.674108647774743,0.00518027958669542,0.0182047184674687,0.00143970075903093
4,250,"Race_or_Ethnicity","NH White",0.473348778317575,0.407099392776375,0.452416059972427,0.00922023943913047,0.019514479823461,0.0139345615986319
4,250,"Race_or_Ethnicity","NH Black",1.09484455028192,0.964947581754205,0.912883985037695,0.0222117229611308,0.0271844067065287,0.0327652657177808
4,250,"Race_or_Ethnicity","NH Asian",1.2976341882941,2.31628802593447,0.990734891756314,0.0304001172891035,0.00322530736172141,0.0190082791917695
4,250,"Race_or_Ethnicity","Hispanic",0.0714826298380289,0.309850584178643,0.340223890602292,0.0375844117244002,0.0037869711604461,0.0251967700325962
4,250,"Race_or_Ethnicity","Other",1.82480278574578,Inf,2.16629713294743,0.00601968167561299,0.0107943573938936,0.00873709654213431
4,0,"Gender","Female",0.790728197321453,Inf,1.05752520983125,0.0124972446446439,8.18738534222578e-05,0.0188381712291265
4,0,"Gender","Male",0.790728197321454,Inf,1.05752520983126,0.012497244644644,8.1873853422372e-05,0.0188381712291267
4,0,"Age_Group","40-59",0.619958503287983,Inf,0.658530878505366,0.0273478437820791,0.0182047184674691,0.021608940367965
4,0,"Age_Group","59+",0.619958503287983,Inf,0.658530878505367,0.0273478437820788,0.0182047184674687,0.0216089403679647
4,0,"Race_or_Ethnicity","NH White",0.473348778317575,Inf,0.521230398134301,0.0170047426981791,0.019514479823461,0.0117282951928921
4,0,"Race_or_Ethnicity","NH Black",1.09484455028192,Inf,0.976269808950725,0.0307941843289971,0.0271844067065287,0.00540812871248522
4,0,"Race_or_Ethnicity","NH Asian",1.2976341882941,Inf,1.15885617784091,0.0633834360910538,0.00322530736172141,0.0399911215705483
4,0,"Race_or_Ethnicity","Hispanic",0.0714826298380289,Inf,0.358970951964612,0.0197356617968678,0.0037869711604461,0.0217466397119274
4,0,"Race_or_Ethnicity","Other",1.82480278574578,Inf,1.59426725243303,0.0191166564002638,0.0107943573938936,0.00685152088798454
5,1000,"Gender","Female",0.869758246680604,0.838801772424034,0.838801772424034,0.0265128189439827,0.00258374055088624,0.0265128189439827
5,1000,"Gender","Male",0.869758246680604,0.838801772424034,0.838801772424034,0.026512818943983,0.00258374055088641,0.026512818943983
5,1000,"Age_Group","40-59",0.433802924445553,0.557681185797089,0.557681185797089,0.0325937618477505,0.00623825583300405,0.0325937618477505
5,1000,"Age_Group","59+",0.433802924445553,0.557681185797089,0.557681185797089,0.0325937618477503,0.00623825583300376,0.0325937618477503
5,1000,"Race_or_Ethnicity","NH White",0.469231173883381,0.502094413422717,0.502094413422717,0.0130789734333938,0.00288236846049148,0.0130789734333938
5,1000,"Race_or_Ethnicity","NH Black",1.0258380706682,1.14768811985183,1.14768811985183,0.00845855669773308,0.0128963665418613,0.00845855669773308
5,1000,"Race_or_Ethnicity","NH Asian",1.12855581144171,1.6191166950748,1.6191166950748,0.0292939086904312,0.0214315930859949,0.0292939086904312
5,1000,"Race_or_Ethnicity","Hispanic",0.191306243427972,0.060973695191175,0.060973695191175,0.0321056013239306,0.0256014529954058,0.0321056013239306
5,1000,"Race_or_Ethnicity","Other",1.9593417351306,1.82480278574578,1.82480278574578,0.0239599924331028,0.0165934256010586,0.0239599924331028
5,750,"Gender","Female",0.869758246680604,0.896535041931121,0.924193419376095,0.0145148998619171,0.00258374055088624,0.0113532922995289
5,750,"Gender","Male",0.869758246680604,0.896535041931121,0.924193419376095,0.0145148998619173,0.00258374055088641,0.0113532922995291
5,750,"Age_Group","40-59",0.433802924445553,0.513422615005472,0.558851373325888,0.021305956903146,0.00623825583300405,0.00778880380173643
5,750,"Age_Group","59+",0.433802924445553,0.513422615005472,0.558851373325889,0.0213059569031457,0.00623825583300376,0.00778880380173618
5,750,"Race_or_Ethnicity","NH White",0.469231173883381,0.456860902335438,0.478275001964127,0.000544139341687925,0.00288236846049148,0.00204299897321532
5,750,"Race_or_Ethnicity","NH Black",1.0258380706682,1.07859987856842,1.0233713017354,0.00886474710520873,0.0128963665418613,0.0142582556404667
5,750,"Race_or_Ethnicity","NH Asian",1.12855581144171,1.32874283095731,1.06323035375262,0.0150108968671615,0.0214315930859949,0.0302822966033647
5,750,"Race_or_Ethnicity","Hispanic",0.191306243427972,0.0956714499802294,0.202294547548423,0.0189193455771132,0.0256014529954058,0.0270249836774977
5,750,"Race_or_Ethnicity","Other",1.9593417351306,2.23295245922461,1.89589931753122,0.0133629330112875,0.0165934256010586,0.0123371508585021
5,500,"Gender","Female",0.869758246680604,0.84320613457007,0.896036327325264,0.0131459212817739,0.00258374055088624,0.000495460065037723
5,500,"Gender","Male",0.869758246680604,0.84320613457007,0.896036327325264,0.0131459212817741,0.00258374055088641,0.000495460065037837
5,500,"Age_Group","40-59",0.433802924445553,0.405526254820896,0.466515148707414,0.0179789751073683,0.00623825583300405,0.00342305047626145
5,500,"Age_Group","59+",0.433802924445553,0.405526254820896,0.466515148707414,0.017978975107368,0.00623825583300376,0.00342305047626165
5,500,"Race_or_Ethnicity","NH White",0.469231173883381,0.481575485677857,0.514901468237659,0.0126640958747054,0.00288236846049148,0.0172489951371273
5,500,"Race_or_Ethnicity","NH Black",1.0258380706682,1.10453830591133,1.01619952436818,0.0088543537514694,0.0128963665418613,0.0277237937940066
5,500,"Race_or_Ethnicity","NH Asian",1.12855581144171,1.20961117742963,0.84965087780606,0.0339050856402713,0.0214315930859949,0.000928210944507857
5,500,"Race_or_Ethnicity","Hispanic",0.191306243427972,0.0819054707968321,0.261989864057093,0.0274231992236072,0.0256014529954058,0.00809920141343928
5,500,"Race_or_Ethnicity","Other",1.9593417351306,2.11449895756926,1.82047582678112,0.0262412431847354,0.0165934256010586,0.0399019662589652
5,250,"Gender","Female",0.869758246680604,1.02485022506199,0.984587249258591,0.000809776104208199,0.00258374055088624,0.000403407339529414
5,250,"Gender","Male",0.869758246680604,1.02485022506199,0.984587249258591,0.000809776104208113,0.00258374055088641,0.000403407339529255
5,250,"Age_Group","40-59",0.433802924445553,0.619958503287983,0.617630536127092,0.00479823950343854,0.00623825583300405,0.0117852554581954
5,250,"Age_Group","59+",0.433802924445553,0.619958503287983,0.617630536127092,0.00479823950343829,0.00623825583300376,0.0117852554581951
5,250,"Race_or_Ethnicity","NH White",0.469231173883381,0.473348778317575,0.514999068172447,0.00927995258880829,0.00288236846049148,0.014067267301572
5,250,"Race_or_Ethnicity","NH Black",1.0258380706682,1.00572961543608,0.915977453786349,0.0129848400400663,0.0128963665418613,0.0182857835708239
5,250,"Race_or_Ethnicity","NH Asian",1.12855581144171,1.20961117742963,0.938797530770898,0.000196723751308525,0.0214315930859949,0.022323318581529
5,250,"Race_or_Ethnicity","Hispanic",0.191306243427972,0.238155850921267,0.420133976565589,0.0156261412651994,0.0256014529954058,0.0273675773585892
5,250,"Race_or_Ethnicity","Other",1.9593417351306,1.82480278574578,1.57553488503886,0.0181936609054075,0.0165934256010586,0.0106607155505111
5,0,"Gender","Female",0.869758246680604,Inf,0.93681439054533,0.00675475704341471,0.00258374055088624,0.00136548519384394
5,0,"Gender","Male",0.869758246680604,Inf,0.93681439054533,0.00675475704341457,0.00258374055088641,0.00136548519384381
5,0,"Age_Group","40-59",0.433802924445553,Inf,0.557760780364762,0.0104399379729499,0.00623825583300405,0.00395810698479444
5,0,"Age_Group","59+",0.433802924445553,Inf,0.557760780364763,0.0104399379729501,0.00623825583300376,0.00395810698479461
5,0,"Race_or_Ethnicity","NH White",0.469231173883381,Inf,0.543421705303621,0.00943791336529487,0.00288236846049148,0.0054857513363002
5,0,"Race_or_Ethnicity","NH Black",1.0258380706682,Inf,0.911587302786162,0.0139035121318,0.0128963665418613,0.00785770787134037
5,0,"Race_or_Ethnicity","NH Asian",1.12855581144171,Inf,1.75058124231211,0.0415931556830819,0.0214315930859949,0.0331848702897804
5,0,"Race_or_Ethnicity","Hispanic",0.191306243427972,Inf,0.561989529525875,0.0129782000524821,0.0256014529954058,0.0272595627540388
5,0,"Race_or_Ethnicity","Other",1.9593417351306,Inf,1.92464025274771,0.0387238274094408,0.0165934256010586,0.0232229762208893
6,1000,"Gender","Female",0.865317623736562,0.887583712871881,0.887583712871881,0.00768043664366719,0.00448195013428805,0.00768043664366719
6,1000,"Gender","Male",0.865317623736562,0.887583712871881,0.887583712871881,0.00768043664366712,0.00448195013428817,0.00768043664366712
6,1000,"Age_Group","40-59",0.372149775354705,0.439510767656975,0.439510767656975,0.0252230506955373,0.000236225750303628,0.0252230506955373
6,1000,"Age_Group","59+",0.372149775354706,0.439510767656975,0.439510767656975,0.0252230506955375,0.000236225750303346,0.0252230506955375
6,1000,"Race_or_Ethnicity","NH White",0.469231173883381,0.58356903100239,0.58356903100239,0.0180768553192394,0.00782040446997103,0.0180768553192394
6,1000,"Race_or_Ethnicity","NH Black",1.05566609922665,1.24104859290808,1.24104859290808,0.0102602094898017,0.0140762981136694,0.0102602094898017
6,1000,"Race_or_Ethnicity","NH Asian",1.75365564445962,2.31628802593447,2.31628802593447,0.0307537219927517,0.0191729760442648,0.0307537219927517
6,1000,"Race_or_Ethnicity","Hispanic",0.142721874042036,0.132783212655383,0.132783212655383,0.0167569147607003,0.0117747267558557,0.0167569147607003
6,1000,"Race_or_Ethnicity","Other",1.41529726810061,2.29782604486523,2.29782604486523,0.0360852887532801,0.0237993818561937,0.0360852887532801
6,750,"Gender","Female",0.865317623736562,0.872722125126252,0.91850160201259,0.000984131614261179,0.00448195013428805,0.00616197495073281
6,750,"Gender","Male",0.865317623736562,0.872722125126251,0.91850160201259,0.000984131614261303,0.00448195013428817,0.00616197495073296
6,750,"Age_Group","40-59",0.372149775354705,0.428112814409869,0.495245434359969,0.00353999399690463,0.000236225750303628,0.000186743892127998
6,750,"Age_Group","59+",0.372149775354706,0.428112814409869,0.495245434359969,0.00353999399690486,0.000236225750303346,0.000186743892127776
6,750,"Race_or_Ethnicity","NH White",0.469231173883381,0.549728427019289,0.543570498521473,0.00677599483534718,0.00782040446997103,0.0198090190337796
6,750,"Race_or_Ethnicity","NH Black",1.05566609922665,1.20564721081719,1.12413971946111,0.0132679675507662,0.0140762981136694,0.014259666306917
6,750,"Race_or_Ethnicity","NH Asian",1.75365564445962,2.02726636855363,1.42481512971516,0.00253694229846251,0.0191729760442648,0.0594250294990798
6,750,"Race_or_Ethnicity","Hispanic",0.142721874042036,0.109290938133596,0.198403004906561,0.02182379904679,0.0117747267558557,0.0384704416771167
6,750,"Race_or_Ethnicity","Other",1.41529726810061,2.23295245922461,1.91609448258648,0.0151054005567559,0.0237993818561937,0.0287859807308512
6,500,"Gender","Female",0.865317623736562,0.887583712871881,0.960060620609059,0.00661291141114958,0.00448195013428805,0.00102763530213517
6,500,"Gender","Male",0.865317623736562,0.887583712871881,0.960060620609059,0.00661291141114941,0.00448195013428817,0.0010276353021353
6,500,"Age_Group","40-59",0.372149775354705,0.405526254820896,0.516242467732709,0.0199047691652349,0.000236225750303628,0.0208353560795756
6,500,"Age_Group","59+",0.372149775354706,0.405526254820896,0.516242467732709,0.0199047691652351,0.000236225750303346,0.0208353560795758
6,500,"Race_or_Ethnicity","NH White",0.469231173883381,0.530713348743551,0.540816656464535,0.00351225164245746,0.00782040446997103,0.00634656700594713
6,500,"Race_or_Ethnicity","NH Black",1.05566609922665,1.19010929722465,1.07128066685532,0.0171446397673807,0.0140762981136694,0.0139853338025983
6,500,"Race_or_Ethnicity","NH Asian",1.75365564445962,2.31628802593447,1.40598504795726,0.00755383756663529,0.0191729760442648,0.0158638452584859
6,500,"Race_or_Ethnicity","Hispanic",0.142721874042036,0.122767504555546,0.280925091440105,0.00861982092228218,0.0117747267558557,0.0368523289379341
6,500,"Race_or_Ethnicity","Other",1.41529726810061,2.52197411660545,1.79640190735171,6.21148161142967e-05,0.0237993818561937,0.0125534783393798
6,250,"Gender","Female",0.865317623736562,0.790728197321453,0.918790332810268,0.000423246789314558,0.00448195013428805,0.0145039414524415
6,250,"Gender","Male",0.865317623736562,0.790728197321454,0.918790332810268,0.00042324678931437,0.00448195013428817,0.0145039414524415
6,250,"Age_Group","40-59",0.372149775354705,0.497604506005777,0.585938110725699,0.00351026576468419,0.000236225750303628,0.00521955169960433
6,250,"Age_Group","59+",0.372149775354706,0.497604506005777,0.585938110725699,0.00351026576468445,0.000236225750303346,0.00521955169960453
6,250,"Race_or_Ethnicity","NH White",0.469231173883381,0.619971393768754,0.563813680758325,0.00648969103629908,0.00782040446997103,0.0107054665902062
6,250,"Race_or_Ethnicity","NH Black",1.05566609922665,1.34470946576607,1.08464319004786,0.0251978365639249,0.0140762981136694,0.00782055925604233
6,250,"Race_or_Ethnicity","NH Asian",1.75365564445962,1.6191166950748,1.21125633948304,0.00728130849445091,0.0191729760442648,0.0234287539873168
6,250,"Race_or_Ethnicity","Hispanic",0.142721874042036,0.0492407926717187,0.276302724422383,0.0235819824454711,0.0117747267558557,0.0334175841938761
6,250,"Race_or_Ethnicity","Other",1.41529726810061,2.52197411660545,1.67412106697243,0.0371567418530239,0.0237993818561937,0.0152671242796031
6,0,"Gender","Female",0.865317623736562,Inf,0.941794363962615,0.0037422862456477,0.00448195013428805,0.00919242325541421
6,0,"Gender","Male",0.865317623736562,Inf,0.941794363962615,0.00374228624564787,0.00448195013428817,0.00919242325541404
6,0,"Age_Group","40-59",0.372149775354705,Inf,0.72467866745386,0.00319146250280404,0.000236225750303628,0.0287411049018343
6,0,"Age_Group","59+",0.372149775354706,Inf,0.724678667453861,0.00319146250280381,0.000236225750303346,0.028741104901834
6,0,"Race_or_Ethnicity","NH White",0.469231173883381,Inf,0.550071268707251,0.00594279415503582,0.00782040446997103,0.0305044025216727
6,0,"Race_or_Ethnicity","NH Black",1.05566609922665,Inf,0.866304913093472,0.0108928437689956,0.0140762981136694,0.0410512677449436
6,0,"Race_or_Ethnicity","NH Asian",1.75365564445962,Inf,1.02016721195716,0.0157440961765956,0.0191729760442648,0.0130833015052786
6,0,"Race_or_Ethnicity","Hispanic",0.142721874042036,Inf,0.532316149499014,0.0113249395044525,0.0117747267558557,0.00828736876902932
6,0,"Race_or_Ethnicity","Other",1.41529726810061,Inf,1.27928743948807,0.0366747782938015,0.0237993818561937,0.0106988492808482
7,1000,"Gender","Female",0.808132047670215,0.90551272998158,0.90551272998158,0.00992372847157676,0.00469605896321713,0.00992372847157676
7,1000,"Gender","Male",0.808132047670215,0.905512729981581,0.905512729981581,0.00992372847157692,0.004696058963217,0.00992372847157692
7,1000,"Age_Group","40-59",0.32315078451145,0.468322237692529,0.468322237692529,0.00874812707353817,0.00811896492197011,0.00874812707353817
7,1000,"Age_Group","59+",0.32315078451145,0.468322237692529,0.468322237692529,0.00874812707353833,0.00811896492197027,0.00874812707353833
7,1000,"Race_or_Ethnicity","NH White",0.538868670407498,0.460987274017475,0.460987274017475,0.0219197598638271,0.00104000192600352,0.0219197598638271
7,1000,"Race_or_Ethnicity","NH Black",1.17134173878234,1.05072190894946,1.05072190894946,0.0269191701271182,0.016878815773457,0.0269191701271182
7,1000,"Race_or_Ethnicity","NH Asian",1.39395497960435,1.2976341882941,1.2976341882941,0.0386772421026582,0.038679366526534,0.0386772421026582
7,1000,"Race_or_Ethnicity","Hispanic",0.0819054707968321,0.152584859607942,0.152584859607942,0.000686135471447084,0.00599306240341584,0.000686135471447084
7,1000,"Race_or_Ethnicity","Other",1.82480278574578,2.11449895756926,2.11449895756926,0.0353829678986263,0.0166540381796981,0.0353829678986263
7,750,"Gender","Female",0.808132047670215,0.926565885889654,0.967879780099683,0.00994679069737431,0.00469605896321713,0.00564804072425243
7,750,"Gender","Male",0.808132047670215,0.926565885889653,0.967879780099683,0.00994679069737442,0.004696058963217,0.00564804072425231
7,750,"Age_Group","40-59",0.32315078451145,0.428112814409869,0.516938866358914,0.00104369124293026,0.00811896492197011,0.0129377537952099
7,750,"Age_Group","59+",0.32315078451145,0.428112814409869,0.516938866358915,0.00104369124293,0.00811896492197027,0.0129377537952101
7,750,"Race_or_Ethnicity","NH White",0.538868670407498,0.440325040404695,0.460698159782692,0.0294169929336943,0.00104000192600352,0.00458371451714991
7,750,"Race_or_Ethnicity","NH Black",1.17134173878234,1.04576698849591,0.997213664590762,0.0358420164285086,0.016878815773457,0.0105136823026029
7,750,"Race_or_Ethnicity","NH Asian",1.39395497960435,1.46362102513221,1.06450739257796,0.030613467735334,0.038679366526534,0.00187064067973541
7,750,"Race_or_Ethnicity","Hispanic",0.0819054707968321,0.136104592087084,0.205377336550793,0.00372354244001704,0.00599306240341584,0.0127698173169503
7,750,"Race_or_Ethnicity","Other",1.82480278574578,2.23295245922461,1.84178550922714,0.0519564313671253,0.0166540381796981,0.00619196684889135
7,500,"Gender","Female",0.808132047670215,0.941696781963491,0.994654281034873,0.00487797449641523,0.00469605896321713,0.0142415855252091
7,500,"Gender","Male",0.808132047670215,0.941696781963491,0.994654281034873,0.00487797449641537,0.004696058963217,0.0142415855252092
7,500,"Age_Group","40-59",0.32315078451145,0.439510767656975,0.534968932745275,0.0169366003732009,0.00811896492197011,0.0199565697248422
7,500,"Age_Group","59+",0.32315078451145,0.439510767656975,0.534968932745275,0.016936600373201,0.00811896492197027,0.0199565697248423
7,500,"Race_or_Ethnicity","NH White",0.538868670407498,0.481575485677857,0.509148793054826,0.0244810241261862,0.00104000192600352,0.0108805003552485
7,500,"Race_or_Ethnicity","NH Black",1.17134173878234,1.08511116606073,1.01949460574645,0.032471562236663,0.016878815773457,0.0173987847472044
7,500,"Race_or_Ethnicity","NH Asian",1.39395497960435,1.20961117742963,0.787519026502521,0.022210723818178,0.038679366526534,0.0183087261541823
7,500,"Race_or_Ethnicity","Hispanic",0.0819054707968321,0.142721874042036,0.252301014458063,0.0150030267487682,0.00599306240341584,0.0142573590341368
7,500,"Race_or_Ethnicity","Other",1.82480278574578,2.52197411660545,2.14358896160798,0.0245829494100624,0.0166540381796981,0.0207781556692769
7,250,"Gender","Female",0.808132047670215,0.914517257038049,0.973035622673316,0.00103421707092604,0.00469605896321713,0.00569153232328899
7,250,"Gender","Male",0.808132047670215,0.914517257038049,0.973035622673316,0.00103421707092594,0.004696058963217,0.00569153232328906
7,250,"Age_Group","40-59",0.32315078451145,0.47414026667081,0.564968532856571,6.47302798127155e-05,0.00811896492197011,0.00244098838380259
7,250,"Age_Group","59+",0.32315078451145,0.47414026667081,0.564968532856571,6.47302798128783e-05,0.00811896492197027,0.0024409883838028
7,250,"Race_or_Ethnicity","NH White",0.538868670407498,0.373651458708834,0.478218117747998,0.0200944534748323,0.00104000192600352,0.00474019339801455
7,250,"Race_or_Ethnicity","NH Black",1.17134173878234,0.902254706873711,0.919269112984331,0.00755859109223839,0.016878815773457,0.00593176359097146
7,250,"Race_or_Ethnicity","NH Asian",1.39395497960435,1.20961117742963,0.987051053393892,0.0657188768506943,0.038679366526534,0.0227161215938696
7,250,"Race_or_Ethnicity","Hispanic",0.0819054707968321,0.274481216263259,0.374024505708826,0.032546976750169,0.00599306240341584,0.00848634291893237
7,250,"Race_or_Ethnicity","Other",1.82480278574578,Inf,2.00979573102355,0.0292291464015539,0.0166540381796981,0.00208159894051595
7,0,"Gender","Female",0.808132047670215,Inf,1.03396791049004,0.00304384378394178,0.00469605896321713,0.00719738237034812
7,0,"Gender","Male",0.808132047670215,Inf,1.03396791049004,0.00304384378394164,0.004696058963217,0.00719738237034793
7,0,"Age_Group","40-59",0.32315078451145,Inf,0.652465603286102,0.0025806194300102,0.00811896492197011,0.0018611378180527
7,0,"Age_Group","59+",0.32315078451145,Inf,0.652465603286102,0.00258061943001001,0.00811896492197027,0.00186113781805292
7,0,"Race_or_Ethnicity","NH White",0.538868670407498,Inf,0.566034939785072,0.0126364389889077,0.00104000192600352,0.00919122210101187
7,0,"Race_or_Ethnicity","NH Black",1.17134173878234,Inf,0.998428560736794,0.00431973813635412,0.016878815773457,0.00187838680057219
7,0,"Race_or_Ethnicity","NH Asian",1.39395497960435,Inf,0.824448252982729,0.0271229853925462,0.038679366526534,0.0274529744365892
7,0,"Race_or_Ethnicity","Hispanic",0.0819054707968321,Inf,0.37019499979372,0.0135086828211898,0.00599306240341584,0.00792368410495706
7,0,"Race_or_Ethnicity","Other",1.82480278574578,Inf,1.55905120397991,0.0384978577952528,0.0166540381796981,0.0104801062004695
8,1000,"Gender","Female",0.838801772424034,0.860883183988583,0.860883183988583,0.00610789048491932,0.00238088227599905,0.00610789048491932
8,1000,"Gender","Male",0.838801772424034,0.860883183988583,0.860883183988583,0.00610789048491924,0.00238088227599916,0.00610789048491924
8,1000,"Age_Group","40-59",0.439510767656975,0.497604506005777,0.497604506005777,0.001463998881643,0.00886571874594949,0.001463998881643
8,1000,"Age_Group","59+",0.439510767656975,0.497604506005777,0.497604506005777,0.0014639988816428,0.00886571874594968,0.0014639988816428
8,1000,"Race_or_Ethnicity","NH White",0.526632210156546,0.427890162445448,0.427890162445448,0.00732531549064633,0.0122691316937275,0.00732531549064633
8,1000,"Race_or_Ethnicity","NH Black",1.16662852837938,1.11900615086432,1.11900615086432,0.0183139292189008,0.0094903849338846,0.0183139292189008
8,1000,"Race_or_Ethnicity","NH Asian",1.75365564445962,1.2976341882941,1.2976341882941,0.0153955898804886,0.0339241308481878,0.0153955898804886
8,1000,"Race_or_Ethnicity","Hispanic",0.122767504555546,0.108245211408007,0.108245211408007,0.017640658066865,0.00588661754035148,0.017640658066865
8,1000,"Race_or_Ethnicity","Other",2.29782604486523,1.82480278574578,1.82480278574578,0.00624680314544824,0.0279655636002293,0.00624680314544824
8,750,"Gender","Female",0.838801772424034,0.831474143322717,0.877000016151696,0.00688057986582436,0.00238088227599905,0.0109436978422961
8,750,"Gender","Male",0.838801772424034,0.831474143322717,0.877000016151696,0.00688057986582419,0.00238088227599916,0.0109436978422959
8,750,"Age_Group","40-59",0.439510767656975,0.435703559829737,0.50100208186228,0.017253932421183,0.00886571874594949,0.0137995961115832
8,750,"Age_Group","59+",0.439510767656975,0.435703559829737,0.50100208186228,0.0172539324211831,0.00886571874594968,0.0137995961115834
8,750,"Race_or_Ethnicity","NH White",0.526632210156546,0.41265187789116,0.432094320342369,0.00545368428169549,0.0122691316937275,0.0305100386610776
8,750,"Race_or_Ethnicity","NH Black",1.16662852837938,1.13019982025552,1.05937172021382,0.00298925781181068,0.0094903849338846,0.0197271072533198
8,750,"Race_or_Ethnicity","NH Asian",1.75365564445962,1.46362102513221,1.06198373752009,0.0545412346804286,0.0339241308481878,0.00239964000379548
8,750,"Race_or_Ethnicity","Hispanic",0.122767504555546,0.178754168113592,0.00704147837184525,0.00969979080437336,0.00588661754035148,0.0198415388893162
8,750,"Race_or_Ethnicity","Other",2.29782604486523,1.66930711580318,1.66011973610791,0.0202203761382351,0.0279655636002293,0.0250551302407232
8,500,"Gender","Female",0.838801772424034,0.808132047670215,0.897232973803049,0.00647971710754879,0.00238088227599905,0.00145603906379675
8,500,"Gender","Male",0.838801772424034,0.808132047670215,0.897232973803049,0.0064797171075487,0.00238088227599916,0.00145603906379685
8,500,"Age_Group","40-59",0.439510767656975,0.485833571095756,0.565934241935727,0.00574553219293426,0.00886571874594949,0.000468535231281442
8,500,"Age_Group","59+",0.439510767656975,0.485833571095756,0.565934241935728,0.00574553219293448,0.00886571874594968,0.000468535231281101
8,500,"Race_or_Ethnicity","NH White",0.526632210156546,0.423738711780339,0.462164858868431,0.00791040937179943,0.0122691316937275,0.0152488963705322
8,500,"Race_or_Ethnicity","NH Black",1.16662852837938,1.14293073694956,1.05134689815306,0.0187373343939595,0.0094903849338846,0.00237026717221226
8,500,"Race_or_Ethnicity","NH Asian",1.75365564445962,1.6191166950748,1.00884795753265,0.0239489418527803,0.0339241308481878,0.021008240574409
8,500,"Race_or_Ethnicity","Hispanic",0.122767504555546,0.120394552928009,0.10241069088316,0.0399088562902889,0.00588661754035148,0.0179940241592109
8,500,"Race_or_Ethnicity","Other",2.29782604486523,2.11449895756926,1.95416440960536,0.0143347058358466,0.0279655636002293,0.0188981139715965
8,250,"Gender","Female",0.838801772424034,0.878658269828156,0.958683200296252,0.00921099397353114,0.00238088227599905,0.0159441673776078
8,250,"Gender","Male",0.838801772424034,0.878658269828156,0.958683200296252,0.00921099397353102,0.00238088227599916,0.0159441673776077
8,250,"Age_Group","40-59",0.439510767656975,0.339347044225865,0.520498880952645,0.0026044832069373,0.00886571874594949,0.0010003667701844
8,250,"Age_Group","59+",0.439510767656975,0.339347044225865,0.520498880952645,0.00260448320693753,0.00886571874594968,0.00100036677018461
8,250,"Race_or_Ethnicity","NH White",0.526632210156546,0.407099392776375,0.489818613917704,0.0267438572457324,0.0122691316937275,0.0100081032539721
8,250,"Race_or_Ethnicity","NH Black",1.16662852837938,1.08511116606073,1.01519442376337,0.0139751125270063,0.0094903849338846,0.00514480444876599
8,250,"Race_or_Ethnicity","NH Asian",1.75365564445962,1.20961117742963,0.960161152484438,0.0584946232532699,0.0339241308481878,0.00557463693793293
8,250,"Race_or_Ethnicity","Hispanic",0.122767504555546,0.096215425299631,0.247956769767816,0.0101381688552061,0.00588661754035148,0.0258991267855597
8,250,"Race_or_Ethnicity","Other",2.29782604486523,1.82480278574578,2.25057827544784,0.0690290746317733,0.0279655636002293,0.0188187908180591
8,0,"Gender","Female",0.838801772424034,Inf,0.978043088561028,0.000129665151992358,0.00238088227599905,0.00116203100727381
8,0,"Gender","Male",0.838801772424034,Inf,0.978043088561028,0.000129665151992429,0.00238088227599916,0.00116203100727365
8,0,"Age_Group","40-59",0.439510767656975,Inf,0.670459386025959,0.0173084939917262,0.00886571874594949,0.00893311895313276
8,0,"Age_Group","59+",0.439510767656975,Inf,0.670459386025959,0.0173084939917259,0.00886571874594968,0.00893311895313249
8,0,"Race_or_Ethnicity","NH White",0.526632210156546,Inf,0.560817242767914,0.0111345545144792,0.0122691316937275,0.0227537688888296
8,0,"Race_or_Ethnicity","NH Black",1.16662852837938,Inf,0.967789902434546,0.0371651387631983,0.0094903849338846,0.0424260658651409
8,0,"Race_or_Ethnicity","NH Asian",1.75365564445962,Inf,1.25406027509494,0.0176409790431116,0.0339241308481878,0.0455487653054735
8,0,"Race_or_Ethnicity","Hispanic",0.122767504555546,Inf,0.480707068044684,0.0217900184997259,0.00588661754035148,0.00992879055275274
8,0,"Race_or_Ethnicity","Other",2.29782604486523,Inf,1.90682641652714,0.0395847752731068,0.0279655636002293,0.0186828371879828
9,1000,"Gender","Female",0.795071120850283,0.790728197321453,0.790728197321453,0.00941402767865473,0.015941774695807,0.00941402767865473
9,1000,"Gender","Male",0.795071120850283,0.790728197321454,0.790728197321454,0.00941402767865493,0.015941774695807,0.00941402767865493
9,1000,"Age_Group","40-59",0.416785099264068,0.62631661219435,0.62631661219435,0.000996073832833,0.00721913851434322,0.000996073832833
9,1000,"Age_Group","59+",0.416785099264068,0.626316612194351,0.626316612194351,0.000996073832832759,0.00721913851434343,0.000996073832832759
9,1000,"Race_or_Ethnicity","NH White",0.448599123683127,0.526632210156546,0.526632210156546,0.00226005626755903,0.0103242728840314,0.00226005626755903
9,1000,"Race_or_Ethnicity","NH Black",1.00067368620781,1.22263551164326,1.22263551164326,0.00763689783958669,0.0332442210571181,0.00763689783958669
9,1000,"Race_or_Ethnicity","NH Asian",1.20961117742963,2.60497361076349,2.60497361076349,0.0321851694562809,0.0254224564057296,0.0321851694562809
9,1000,"Race_or_Ethnicity","Hispanic",0.228917739252856,0.0180431212346934,0.0180431212346934,0.00716023481788093,0.0385273796020654,0.00716023481788093
9,1000,"Race_or_Ethnicity","Other",2.52197411660545,1.9593417351306,1.9593417351306,0.0315032524333656,0.00798821624218413,0.0315032524333656
9,750,"Gender","Female",0.795071120850283,0.854980118512875,0.893691117107443,0.00280695934974167,0.015941774695807,0.00313396294134679
9,750,"Gender","Male",0.795071120850283,0.854980118512874,0.893691117107443,0.00280695934974179,0.015941774695807,0.00313396294134665
9,750,"Age_Group","40-59",0.416785099264068,0.619958503287983,0.638941690139184,0.00213885016217646,0.00721913851434322,0.00548606401459542
9,750,"Age_Group","59+",0.416785099264068,0.619958503287983,0.638941690139184,0.00213885016217676,0.00721913851434343,0.0054860640145956
9,750,"Race_or_Ethnicity","NH White",0.448599123683127,0.517100287990703,0.525327956108761,0.0047549171137488,0.0103242728840314,0.0153747171747835
9,750,"Race_or_Ethnicity","NH Black",1.00067368620781,1.1994429472129,1.10696598553499,0.0103565967976212,0.0332442210571181,0.013526573804248
9,750,"Race_or_Ethnicity","NH Asian",1.20961117742963,3.41757411298698,1.6265175752082,0.0102820981250569,0.0254224564057296,0.000403065642679534
9,750,"Race_or_Ethnicity","Hispanic",0.228917739252856,0.0819054707968321,0.204614354771688,0.00661211017299872,0.0385273796020654,0.00524716635722716
9,750,"Race_or_Ethnicity","Other",2.52197411660545,2.23295245922461,1.89188352712821,0.0236941333733561,0.00798821624218413,0.00142070951171639
9,500,"Gender","Female",0.795071120850283,0.914517257038049,0.95245896391341,0.0205905139821928,0.015941774695807,0.0153264915478315
9,500,"Gender","Male",0.795071120850283,0.914517257038049,0.95245896391341,0.0205905139821929,0.015941774695807,0.0153264915478317
9,500,"Age_Group","40-59",0.416785099264068,0.658484068845532,0.661873451562209,0.0155548971979332,0.00721913851434322,0.0017409281145352
9,500,"Age_Group","59+",0.416785099264068,0.658484068845533,0.66187345156221,0.015554897197933,0.00721913851434343,0.00174092811453497
9,500,"Race_or_Ethnicity","NH White",0.448599123683127,0.530713348743551,0.53052145258897,0.013568350500516,0.0103242728840314,0.00351188006021955
9,500,"Race_or_Ethnicity","NH Black",1.00067368620781,1.28204353941228,1.10455109522971,0.0188890382614975,0.0332442210571181,0.0146733461153828
9,500,"Race_or_Ethnicity","NH Asian",1.20961117742963,3.01144122522128,1.55522745027605,0.00226468856663904,0.0254224564057296,0.0321704451935547
9,500,"Race_or_Ethnicity","Hispanic",0.228917739252856,0.096215425299631,0.198295001350744,0.00332864675579492,0.0385273796020654,0.00853460273373168
9,500,"Race_or_Ethnicity","Other",2.52197411660545,2.11449895756926,1.68266090031324,0.0175291427715807,0.00798821624218413,0.0573188910534848
9,250,"Gender","Female",0.795071120850283,1.19986303431858,1.1011678438962,0.00406478651862043,0.015941774695807,0.0101147471094701
9,250,"Gender","Male",0.795071120850283,1.19986303431858,1.1011678438962,0.00406478651862036,0.015941774695807,0.0101147471094699
9,250,"Age_Group","40-59",0.416785099264068,0.594768254459424,0.606730869082755,0.00250713973533155,0.00721913851434322,0.00115962235743965
9,250,"Age_Group","59+",0.416785099264068,0.594768254459425,0.606730869082755,0.00250713973533129,0.00721913851434343,0.00115962235743942
9,250,"Race_or_Ethnicity","NH White",0.448599123683127,0.288918188689487,0.406287141832236,0.00181564854446176,0.0103242728840314,0.0096873810514121
9,250,"Race_or_Ethnicity","NH Black",1.00067368620781,1.08511116606073,0.928292793277888,0.0012217934082429,0.0332442210571181,0.00631644160592936
9,250,"Race_or_Ethnicity","NH Asian",1.20961117742963,Inf,1.02088093441193,0.0128122422270878,0.0254224564057296,0.052418351745731
9,250,"Race_or_Ethnicity","Hispanic",0.228917739252856,0.195959189578195,0.213500451197653,0.00183601109970793,0.0385273796020654,0.0114846045658908
9,250,"Race_or_Ethnicity","Other",2.52197411660545,Inf,2.07712091765363,0.0299131182549104,0.00798821624218413,0.0193482609414057
9,0,"Gender","Female",0.795071120850283,Inf,0.885319749491577,0.0108996447919257,0.015941774695807,0.00133663947255853
9,0,"Gender","Male",0.795071120850283,Inf,0.885319749491577,0.0108996447919259,0.015941774695807,0.00133663947255871
9,0,"Age_Group","40-59",0.416785099264068,Inf,0.568128730476244,0.0159708348581996,0.00721913851434322,0.00914344324506572
9,0,"Age_Group","59+",0.416785099264068,Inf,0.568128730476244,0.0159708348581993,0.00721913851434343,0.00914344324506588
9,0,"Race_or_Ethnicity","NH White",0.448599123683127,Inf,0.54800572139381,0.00272755786810358,0.0103242728840314,0.00281184928726417
9,0,"Race_or_Ethnicity","NH Black",1.00067368620781,Inf,0.859574117444933,0.000308066729412785,0.0332442210571181,0.00272312332604221
9,0,"Race_or_Ethnicity","NH Asian",1.20961117742963,Inf,0.573796498128206,0.0101543268228481,0.0254224564057296,0.0177696660153185
9,0,"Race_or_Ethnicity","Hispanic",0.228917739252856,Inf,0.513031780057989,0.0105136137499098,0.0385273796020654,0.015262171001725
9,0,"Race_or_Ethnicity","Other",2.52197411660545,Inf,1.6286480027391,0.0341428802413363,0.00798821624218413,0.0049223560673758
10,1000,"Gender","Female",0.812496579738248,0.782058123936911,0.782058123936911,0.0127965416591772,0.00220714266875558,0.0127965416591772
10,1000,"Gender","Male",0.812496579738249,0.782058123936911,0.782058123936911,0.0127965416591771,0.00220714266875544,0.0127965416591771
10,1000,"Age_Group","40-59",0.456742472247062,0.5213857085254,0.5213857085254,0.014173169796761,0.0115606465833236,0.014173169796761
10,1000,"Age_Group","59+",0.456742472247063,0.521385708525401,0.521385708525401,0.0141731697967611,0.0115606465833234,0.0141731697967611
10,1000,"Race_or_Ethnicity","NH White",0.485684663954765,0.485684663954765,0.485684663954765,0.00398093541184381,0.00748639887162898,0.00398093541184381
10,1000,"Race_or_Ethnicity","NH Black",1.08998285564596,1.17134173878234,1.17134173878234,0.0034671141946602,0.0289180122871436,0.0034671141946602
10,1000,"Race_or_Ethnicity","NH Asian",1.2976341882941,2.60497361076349,2.60497361076349,0.0120563934109459,0.0110984323416016,0.0120563934109459
10,1000,"Race_or_Ethnicity","Hispanic",0.102499279318852,0.0396908624190639,0.0396908624190639,0.0142505561259706,0.00388968454746924,0.0142505561259706
10,1000,"Race_or_Ethnicity","Other",1.70601117713451,2.11449895756926,2.11449895756926,0.00250200987403897,0.0441874615726765,0.00250200987403897
10,750,"Gender","Female",0.812496579738248,0.77917271861335,0.828030632139085,0.00194976587643001,0.00220714266875558,0.000143574940218468
10,750,"Gender","Male",0.812496579738249,0.77917271861335,0.828030632139085,0.00194976587643016,0.00220714266875544,0.000143574940218316
10,750,"Age_Group","40-59",0.456742472247062,0.5699530853397,0.575607576621801,0.00629838080002117,0.0115606465833236,0.00768338000005041
10,750,"Age_Group","59+",0.456742472247063,0.569953085339701,0.575607576621801,0.00629838080002099,0.0115606465833234,0.00768338000005057
10,750,"Race_or_Ethnicity","NH White",0.485684663954765,0.407099392776375,0.450195594619094,0.025305403857225,0.00748639887162898,0.0186424350903577
10,750,"Race_or_Ethnicity","NH Black",1.08998285564596,1.12380969550278,1.0824572222772,0.0104091402425609,0.0289180122871436,0.0203407104440111
10,750,"Race_or_Ethnicity","NH Asian",1.2976341882941,Inf,2.07864657874948,0.0286466452828055,0.0110984323416016,0.0219696872259966
10,750,"Race_or_Ethnicity","Hispanic",0.102499279318852,0.0188876065861723,0.11425945902028,0.011884867629704,0.00388968454746924,0.0147056743587584
10,750,"Race_or_Ethnicity","Other",1.70601117713451,2.23295245922461,2.0692672381561,0.020386213312794,0.0441874615726765,0.021316674431844
10,500,"Gender","Female",0.812496579738248,0.790728197321453,0.84849652346978,0.0114575471161096,0.00220714266875558,0.000692975579760337
10,500,"Gender","Male",0.812496579738249,0.790728197321454,0.84849652346978,0.0114575471161098,0.00220714266875544,0.000692975579760462
10,500,"Age_Group","40-59",0.456742472247062,0.416785099264068,0.477106283524729,0.013490068079078,0.0115606465833236,0.0142324419633935
10,500,"Age_Group","59+",0.456742472247063,0.416785099264068,0.477106283524729,0.0134900680790777,0.0115606465833234,0.0142324419633933
10,500,"Race_or_Ethnicity","NH White",0.485684663954765,0.415425835552928,0.491730601128209,0.00741579760777761,0.00748639887162898,0.0194292656468199
10,500,"Race_or_Ethnicity","NH Black",1.08998285564596,1.16190663840857,1.06919447240451,0.00350845809704732,0.0289180122871436,0.0180507721296483
10,500,"Race_or_Ethnicity","NH Asian",1.2976341882941,Inf,1.53057613518021,0.00502215304708743,0.0110984323416016,0.0164112564309169
10,500,"Race_or_Ethnicity","Hispanic",0.102499279318852,0.096215425299631,0.184290344137687,0.0279288802956817,0.00388968454746924,0.0112991254433845
10,500,"Race_or_Ethnicity","Other",1.70601117713451,2.11449895756926,1.79782068388551,0.0148950026140574,0.0441874615726765,0.0211958470244305
10,250,"Gender","Female",0.812496579738248,0.739010364612944,0.859181255009695,0.00953444130535156,0.00220714266875558,0.00129932041747715
10,250,"Gender","Male",0.812496579738249,0.739010364612944,0.859181255009694,0.00953444130535142,0.00220714266875544,0.00129932041747724
10,250,"Age_Group","40-59",0.456742472247062,0.545497205452642,0.573361685251493,0.0080982138539833,0.0115606465833236,0.00776456734412702
10,250,"Age_Group","59+",0.456742472247063,0.545497205452642,0.573361685251493,0.0080982138539835,0.0115606465833234,0.00776456734412673
10,250,"Race_or_Ethnicity","NH White",0.485684663954765,0.149270283474275,0.433074379038303,0.00320782076281623,0.00748639887162898,0.0138855707913703
10,250,"Race_or_Ethnicity","NH Black",1.08998285564596,0.880921019551907,0.940775475640075,0.00294308278615589,0.0289180122871436,0.00948800677584887
10,250,"Race_or_Ethnicity","NH Asian",1.2976341882941,Inf,1.0479122038308,0.00844237279807779,0.0110984323416016,0.0686420984715582
10,250,"Race_or_Ethnicity","Hispanic",0.102499279318852,0.195959189578195,0.235081628510439,0.0191545858183042,0.00388968454746924,0.00260514929157271
10,250,"Race_or_Ethnicity","Other",1.70601117713451,1.82480278574578,1.80667455649519,0.0109460002416341,0.0441874615726765,0.00635050362039354
10,0,"Gender","Female",0.812496579738248,Inf,0.920838717958754,0.00420872610711744,0.00220714266875558,0.00890375827098355
10,0,"Gender","Male",0.812496579738249,Inf,0.920838717958754,0.00420872610711729,0.00220714266875544,0.00890375827098369
10,0,"Age_Group","40-59",0.456742472247062,Inf,0.55588474314095,0.0227063928045676,0.0115606465833236,0.0260932329950986
10,0,"Age_Group","59+",0.456742472247063,Inf,0.55588474314095,0.0227063928045673,0.0115606465833234,0.0260932329950983
10,0,"Race_or_Ethnicity","NH White",0.485684663954765,Inf,0.574145394701802,0.00798769092986768,0.00748639887162898,0.0102263082277668
10,0,"Race_or_Ethnicity","NH Black",1.08998285564596,Inf,0.95830322730763,0.00333971999719331,0.0289180122871436,0.00759922063671568
10,0,"Race_or_Ethnicity","NH Asian",1.2976341882941,Inf,0.573271877266168,0.0314928529302617,0.0110984323416016,0.0313825729432285
10,0,"Race_or_Ethnicity","Hispanic",0.102499279318852,Inf,0.406499843183065,0.0188391255811998,0.00388968454746924,0.0161732814488047
10,0,"Race_or_Ethnicity","Other",1.70601117713451,Inf,1.5330012999648,0.00909545454985037,0.0441874615726765,0.037301767187003
11,1000,"Gender","Female",0.803772994875872,0.874205109636882,0.874205109636882,0.0107536501725987,0.0102448451077599,0.0107536501725987
11,1000,"Gender","Male",0.803772994875872,0.874205109636882,0.874205109636882,0.0107536501725986,0.0102448451077597,0.0107536501725986
11,1000,"Age_Group","40-59",0.515409976047512,0.533399308083132,0.533399308083132,0.00614152213648735,0.0125175446493765,0.00614152213648735
11,1000,"Age_Group","59+",0.515409976047512,0.533399308083133,0.533399308083133,0.00614152213648751,0.0125175446493762,0.00614152213648751
11,1000,"Race_or_Ethnicity","NH White",0.427890162445448,0.477463536332848,0.477463536332848,0.0160285148544849,0.0370155058452175,0.0160285148544849
11,1000,"Race_or_Ethnicity","NH Black",1.03083688136534,1.03083688136534,1.03083688136534,0.0089438929857523,0.0565636932957652,0.0089438929857523
11,1000,"Race_or_Ethnicity","NH Asian",1.6191166950748,1.50032508646353,1.50032508646353,0.0132646255391169,0.00329581586056851,0.0132646255391169
11,1000,"Race_or_Ethnicity","Hispanic",0.0819054707968321,0.228917739252856,0.228917739252856,0.0234705533198374,0.00718462976200442,0.0234705533198374
11,1000,"Race_or_Ethnicity","Other",1.41529726810061,1.82480278574578,1.82480278574578,0.0151642603438249,0.015622813394162,0.0151642603438249
11,750,"Gender","Female",0.803772994875872,0.825623573172069,0.874812322545999,0.00574053927987645,0.0102448451077599,0.0060511988445199
11,750,"Gender","Male",0.803772994875872,0.825623573172069,0.874812322545999,0.00574053927987619,0.0102448451077597,0.00605119884451973
11,750,"Age_Group","40-59",0.515409976047512,0.545497205452642,0.589065193986046,0.0108215614927615,0.0125175446493765,0.0167441882180498
11,750,"Age_Group","59+",0.515409976047512,0.545497205452642,0.589065193986046,0.0108215614927616,0.0125175446493762,0.01674418821805
11,750,"Race_or_Ethnicity","NH White",0.427890162445448,0.478834496329102,0.50845855509656,0.00375906533817065,0.0370155058452175,0.00443274557210329
11,750,"Race_or_Ethnicity","NH Black",1.03083688136534,1.06552266853732,1.02844599954482,0.0019100110326183,0.0565636932957652,0.00577560519997937
11,750,"Race_or_Ethnicity","NH Asian",1.6191166950748,1.32874283095731,0.87671941383482,0.0312604699628332,0.00329581586056851,0.0355774039133009
11,750,"Race_or_Ethnicity","Hispanic",0.0819054707968321,0.162373504721343,0.229607387352985,0.038539854907982,0.00718462976200442,0.000508905949291464
11,750,"Race_or_Ethnicity","Other",1.41529726810061,2.0084675260862,1.82984288884347,0.0554419134422052,0.015622813394162,0.000818484064685861
11,500,"Gender","Female",0.803772994875872,0.799419369707153,0.871945394608382,0.01443226430437,0.0102448451077599,0.0223541972010312
11,500,"Gender","Male",0.803772994875872,0.799419369707153,0.871945394608382,0.0144322643043699,0.0102448451077597,0.0223541972010314
11,500,"Age_Group","40-59",0.515409976047512,0.485833571095756,0.560385756510663,0.00582903389312781,0.0125175446493765,0.00415641910415289
11,500,"Age_Group","59+",0.515409976047512,0.485833571095756,0.560385756510663,0.00582903389312805,0.0125175446493762,0.00415641910415312
11,500,"Race_or_Ethnicity","NH White",0.427890162445448,0.448599123683127,0.508118259043457,0.00282984769051835,0.0370155058452175,0.00952072804015473
11,500,"Race_or_Ethnicity","NH Black",1.03083688136534,1.09484455028192,1.03264833069072,0.0138234594441716,0.0565636932957652,0.0048246901073424
11,500,"Race_or_Ethnicity","NH Asian",1.6191166950748,1.39395497960435,0.825267748069677,0.0258241398667755,0.00329581586056851,0.0309749325377285
11,500,"Race_or_Ethnicity","Hispanic",0.0819054707968321,0.0396908624190639,0.207837380583311,0.0160319067090662,0.00718462976200442,0.0259220991972295
11,500,"Race_or_Ethnicity","Other",1.41529726810061,2.11449895756926,1.77404199787444,0.00292317610917244,0.015622813394162,0.0416456430446268
11,250,"Gender","Female",0.803772994875872,0.790728197321453,0.888671348797296,0.00146142744379787,0.0102448451077599,0.00603774029527638
11,250,"Gender","Male",0.803772994875872,0.790728197321454,0.888671348797296,0.00146142744379772,0.0102448451077597,0.00603774029527657
11,250,"Age_Group","40-59",0.515409976047512,0.361153403277919,0.537307015193763,0.00251795332895897,0.0125175446493765,0.0107989527950144
11,250,"Age_Group","59+",0.515409976047512,0.361153403277919,0.537307015193764,0.0025179533289592,0.0125175446493762,0.0107989527950141
11,250,"Race_or_Ethnicity","NH White",0.427890162445448,0.440325040404695,0.529088161595517,0.00553373698623266,0.0370155058452175,0.0175485640985606
11,250,"Race_or_Ethnicity","NH Black",1.03083688136534,1.12380969550278,1.04974856500775,0.0042151073422579,0.0565636932957652,0.0194491820462139
11,250,"Race_or_Ethnicity","NH Asian",1.6191166950748,2.31628802593447,1.16438724703586,0.00610789660882184,0.00329581586056851,0.051726193455998
11,250,"Race_or_Ethnicity","Hispanic",0.0819054707968321,0.00398420108359732,0.260715642992063,0.0201032148726027,0.00718462976200442,0.0298602842652063
11,250,"Race_or_Ethnicity","Other",1.41529726810061,1.82480278574578,1.70774926244968,0.0123033235380457,0.015622813394162,0.0227881579790361
11,0,"Gender","Female",0.803772994875872,Inf,1.01114110835536,0.0221464676378054,0.0102448451077599,0.0198295723884156
11,0,"Gender","Male",0.803772994875872,Inf,1.01114110835536,0.0221464676378053,0.0102448451077597,0.0198295723884158
11,0,"Age_Group","40-59",0.515409976047512,Inf,0.578308113887035,0.0131676450839083,0.0125175446493765,0.00715839781439377
11,0,"Age_Group","59+",0.515409976047512,Inf,0.578308113887035,0.0131676450839085,0.0125175446493762,0.00715839781439352
11,0,"Race_or_Ethnicity","NH White",0.427890162445448,Inf,0.541858894842194,0.00257525276603959,0.0370155058452175,0.00199771304351339
11,0,"Race_or_Ethnicity","NH Black",1.03083688136534,Inf,0.954585888395387,0.0150958811910362,0.0565636932957652,0.0215672164460442
11,0,"Race_or_Ethnicity","NH Asian",1.6191166950748,Inf,0.960057574025352,0.0350353348827691,0.00329581586056851,0.036637467761545
11,0,"Race_or_Ethnicity","Hispanic",0.0819054707968321,Inf,0.384240823647975,0.0125067585888704,0.00718462976200442,0.0376798314406959
11,0,"Race_or_Ethnicity","Other",1.41529726810061,Inf,1.28226052268625,0.00906928572655665,0.015622813394162,0.0367886225175033
12,1000,"Gender","Female",0.838801772424034,0.946251560960684,0.946251560960684,0.00378714913384042,0.000484616698785854,0.00378714913384042
12,1000,"Gender","Male",0.838801772424034,0.946251560960684,0.946251560960684,0.00378714913384051,0.000484616698786024,0.00378714913384051
12,1000,"Age_Group","40-59",0.533399308083132,0.678096386032758,0.678096386032758,0.0210104281687104,0.0250151496559692,0.0210104281687104
12,1000,"Age_Group","59+",0.533399308083133,0.678096386032757,0.678096386032757,0.0210104281687106,0.0250151496559689,0.0210104281687106
12,1000,"Race_or_Ethnicity","NH White",0.538868670407498,0.407099392776375,0.407099392776375,0.0015167669755451,0.00408434077238586,0.0015167669755451
12,1000,"Race_or_Ethnicity","NH Black",1.1286038443288,1.04080124187318,1.04080124187318,0.00414426257906691,0.0108549854912931,0.00414426257906691
12,1000,"Race_or_Ethnicity","NH Asian",1.12855581144171,1.6191166950748,1.6191166950748,0.00294263704036351,0.000853878454216902,0.00294263704036351
12,1000,"Race_or_Ethnicity","Hispanic",0.112673342051052,0.060973695191175,0.060973695191175,0.0136529990482094,0.00429335411623073,0.0136529990482094
12,1000,"Race_or_Ethnicity","Other",1.50332027896508,1.9593417351306,1.9593417351306,0.00999351001721445,0.0419803664502092,0.00999351001721445
12,750,"Gender","Female",0.838801772424034,0.999945438937469,1.02220556545359,0.00702081601165074,0.000484616698785854,0.0112416816938945
12,750,"Gender","Male",0.838801772424034,0.999945438937469,1.02220556545359,0.00702081601165085,0.000484616698786024,0.0112416816938947
12,750,"Age_Group","40-59",0.533399308083132,0.636968608949801,0.64208986552805,0.0174136928563379,0.0250151496559692,0.0089565494402441
12,750,"Age_Group","59+",0.533399308083133,0.636968608949801,0.64208986552805,0.017413692856338,0.0250151496559689,0.00895654944024387
12,750,"Race_or_Ethnicity","NH White",0.538868670407498,0.395975807557712,0.421728773439555,0.0219765673130063,0.00408434077238586,0.00613822350263375
12,750,"Race_or_Ethnicity","NH Black",1.1286038443288,1.01245278181193,0.963424326392281,0.00599713651487363,0.0108549854912931,0.0196776166505561
12,750,"Race_or_Ethnicity","NH Asian",1.12855581144171,1.32874283095731,1.00641941228155,0.0230679968966327,0.000853878454216902,0.020105285878937
12,750,"Race_or_Ethnicity","Hispanic",0.112673342051052,0.0679892985414918,0.164910233535285,0.0125265325137083,0.00429335411623073,0.0102998852255492
12,750,"Race_or_Ethnicity","Other",1.50332027896508,2.0084675260862,1.76026731088499,0.0540993862216027,0.0419803664502092,0.00629963903049782
12,500,"Gender","Female",0.838801772424034,1.09139952257245,1.06179808302176,0.00156007024532794,0.000484616698785854,0.00114875616344632
12,500,"Gender","Male",0.838801772424034,1.09139952257245,1.06179808302176,0.00156007024532782,0.000484616698786024,0.00114875616344622
12,500,"Age_Group","40-59",0.533399308083132,0.752160428210854,0.700315335060294,0.0142768342466056,0.0250151496559692,0.000792633227795577
12,500,"Age_Group","59+",0.533399308083133,0.752160428210854,0.700315335060294,0.0142768342466054,0.0250151496559689,0.00079263322779581
12,500,"Race_or_Ethnicity","NH White",0.538868670407498,0.432038341123627,0.481720815474801,0.0186887321510844,0.00408434077238586,0.00223641585386736
12,500,"Race_or_Ethnicity","NH Black",1.1286038443288,1.0258380706682,0.953163103667013,0.00175200084464524,0.0108549854912931,0.0159121461888478
12,500,"Race_or_Ethnicity","NH Asian",1.12855581144171,1.39395497960435,0.79227755537466,0.0265845158925608,0.000853878454216902,0.00120987421706126
12,500,"Race_or_Ethnicity","Hispanic",0.112673342051052,0.122767504555546,0.268756457402595,0.00752769438878015,0.00429335411623073,0.00162012787948314
12,500,"Race_or_Ethnicity","Other",1.50332027896508,1.82480278574578,1.56604040905759,0.0624374398962599,0.0419803664502092,0.0125006158843539
12,250,"Gender","Female",0.838801772424034,1.15982566125874,1.09311408554969,0.0160661892713674,0.000484616698785854,0.0203688114888359
12,250,"Gender","Male",0.838801772424034,1.15982566125874,1.09311408554969,0.0160661892713673,0.000484616698786024,0.0203688114888358
12,250,"Age_Group","40-59",0.533399308083132,0.752160428210854,0.627319923290369,0.00351808316857166,0.0250151496559692,0.0146448081670128
12,250,"Age_Group","59+",0.533399308083133,0.752160428210854,0.62731992329037,0.00351808316857181,0.0250151496559689,0.014644808167013
12,250,"Race_or_Ethnicity","NH White",0.538868670407498,0.489791108621488,0.548730065912478,0.0123721012899886,0.00408434077238586,0.000183492346052794
12,250,"Race_or_Ethnicity","NH Black",1.1286038443288,0.923365006983235,0.936849367544861,0.00544642703392232,0.0108549854912931,0.00936634551469524
12,250,"Race_or_Ethnicity","NH Asian",1.12855581144171,0.690655427580388,0.700865321515241,0.0324985777462494,0.000853878454216902,0.00970740557898287
12,250,"Race_or_Ethnicity","Hispanic",0.112673342051052,0.344322493184618,0.367166913342351,0.00553632029100896,0.00429335411623073,0.00787653675259225
12,250,"Race_or_Ethnicity","Other",1.50332027896508,1.82480278574578,1.07208280965127,0.0280371337183558,0.0419803664502092,0.0194055078986351
12,0,"Gender","Female",0.838801772424034,Inf,0.974296374566926,0.00826886940075765,0.000484616698785854,0.0115255409667325
12,0,"Gender","Male",0.838801772424034,Inf,0.974296374566926,0.00826886940075778,0.000484616698786024,0.0115255409667326
12,0,"Age_Group","40-59",0.533399308083132,Inf,0.581772880439285,0.00544955809616605,0.0250151496559692,0.0172645316228773
12,0,"Age_Group","59+",0.533399308083133,Inf,0.581772880439285,0.0054495580961658,0.0250151496559689,0.0172645316228769
12,0,"Race_or_Ethnicity","NH White",0.538868670407498,Inf,0.616881405065572,0.0132855606593182,0.00408434077238586,0.00197386987464127
12,0,"Race_or_Ethnicity","NH Black",1.1286038443288,Inf,1.03373392512897,0.0117125045303416,0.0108549854912931,0.00761979622110603
12,0,"Race_or_Ethnicity","NH Asian",1.12855581144171,Inf,0.535773672647356,0.0114981897245072,0.000853878454216902,0.00489628912755361
12,0,"Race_or_Ethnicity","Hispanic",0.112673342051052,Inf,0.323807975903164,0.0294467788289702,0.00429335411623073,0.0200945608608419
12,0,"Race_or_Ethnicity","Other",1.50332027896508,Inf,1.16297078161443,0.0175798659851289,0.0419803664502092,0.0371584604927772
13,1000,"Gender","Female",0.834403260824115,0.95538300210751,0.95538300210751,0.0101571379640757,0.0207601209921836,0.0101571379640757
13,1000,"Gender","Male",0.834403260824115,0.95538300210751,0.95538300210751,0.0101571379640756,0.0207601209921835,0.0101571379640756
13,1000,"Age_Group","40-59",0.5213857085254,0.563806028855457,0.563806028855457,0.0133293943787038,0.0277840954291319,0.0133293943787038
13,1000,"Age_Group","59+",0.521385708525401,0.563806028855458,0.563806028855458,0.0133293943787035,0.027784095429132,0.0133293943787035
13,1000,"Race_or_Ethnicity","NH White",0.481575485677857,0.563281561367294,0.563281561367294,0.00588637572536682,0.0123505890695514,0.00588637572536682
13,1000,"Race_or_Ethnicity","NH Black",1.1286038443288,1.25934108879397,1.25934108879397,0.0149587250668977,0.00377367927348106,0.0149587250668977
13,1000,"Race_or_Ethnicity","NH Asian",1.75365564445962,1.90881286689828,1.90881286689828,0.00886533567316738,0.0517535894324902,0.00886533567316738
13,1000,"Race_or_Ethnicity","Hispanic",0.0819054707968321,0.0264066651394299,0.0264066651394299,0.0119360645415438,0.0185890914376657,0.0119360645415438
13,1000,"Race_or_Ethnicity","Other",2.11449895756926,1.70601117713451,1.70601117713451,0.0255329626157379,0.0246791710334514,0.0255329626157379
13,750,"Gender","Female",0.834403260824115,0.975270090690086,0.998949184737375,0.0113655270905363,0.0207601209921836,0.00793008421859937
13,750,"Gender","Male",0.834403260824115,0.975270090690086,0.998949184737375,0.0113655270905362,0.0207601209921835,0.00793008421859929
13,750,"Age_Group","40-59",0.5213857085254,0.553610181965917,0.585846738404162,0.00853644659428298,0.0277840954291319,0.0165645963880921
13,750,"Age_Group","59+",0.521385708525401,0.553610181965917,0.585846738404162,0.00853644659428273,0.027784095429132,0.0165645963880919
13,750,"Race_or_Ethnicity","NH White",0.481575485677857,0.587620769066181,0.56904598315894,0.00304277946294611,0.0123505890695514,0.0048594301056014
13,750,"Race_or_Ethnicity","NH Black",1.1286038443288,1.279026763865,1.19025614234259,0.0117017158636514,0.00377367927348106,0.0112332324162693
13,750,"Race_or_Ethnicity","NH Asian",1.75365564445962,1.80278143541522,1.38563916708797,0.00210038844764981,0.0517535894324902,0.0293296672106407
13,750,"Race_or_Ethnicity","Hispanic",0.0819054707968321,0.0188876065861723,0.0893907586403488,0.00721250656598644,0.0185890914376657,0.0255072298406231
13,750,"Race_or_Ethnicity","Other",2.11449895756926,1.66930711580318,1.56882877594491,0.0381610123112172,0.0246791710334514,0.0012795292783543
13,500,"Gender","Female",0.834403260824115,0.932608784556897,0.97236022557751,0.0120511848494748,0.0207601209921836,6.44421974677368e-05
13,500,"Gender","Male",0.834403260824115,0.932608784556898,0.97236022557751,0.0120511848494747,0.0207601209921835,6.44421974678455e-05
13,500,"Age_Group","40-59",0.5213857085254,0.5699530853397,0.604532114299782,0.00576303945653126,0.0277840954291319,0.0121822173625604
13,500,"Age_Group","59+",0.521385708525401,0.569953085339701,0.604532114299782,0.00576303945653146,0.027784095429132,0.0121822173625601
13,500,"Race_or_Ethnicity","NH White",0.481575485677857,0.555152492735514,0.559949843700504,0.00337029993995074,0.0123505890695514,0.000755444022826487
13,500,"Race_or_Ethnicity","NH Black",1.1286038443288,1.20874395551913,1.09214212179975,0.00658052214488096,0.00377367927348106,0.00884845624607344
13,500,"Race_or_Ethnicity","NH Asian",1.75365564445962,1.6191166950748,1.21220409865296,0.0251676004106997,0.0517535894324902,0.0166640677434482
13,500,"Race_or_Ethnicity","Hispanic",0.0819054707968321,0.0396908624190639,0.229509287310629,0.00372258064257527,0.0185890914376657,0.0156117419402273
13,500,"Race_or_Ethnicity","Other",2.11449895756926,1.59964107027533,1.3963133846089,0.0214836601477708,0.0246791710334514,0.0302183392025453
13,250,"Gender","Female",0.834403260824115,0.98757975645353,0.991920399363891,0.00839504540551862,0.0207601209921836,0.0146379180872949
13,250,"Gender","Male",0.834403260824115,0.98757975645353,0.991920399363891,0.00839504540551853,0.0207601209921835,0.0146379180872948
13,250,"Age_Group","40-59",0.5213857085254,0.5699530853397,0.600244021355558,0.00023635854070753,0.0277840954291319,0.010131897201501
13,250,"Age_Group","59+",0.521385708525401,0.569953085339701,0.600244021355559,0.000236358540707304,0.027784095429132,0.0101318972015012
13,250,"Race_or_Ethnicity","NH White",0.481575485677857,0.538868670407498,0.509976145341011,0.00584109860889897,0.0123505890695514,0.000917732258660934
13,250,"Race_or_Ethnicity","NH Black",1.1286038443288,1.16190663840857,0.988186398623319,0.00145847407421054,0.00377367927348106,0.0220212075922138
13,250,"Race_or_Ethnicity","NH Asian",1.75365564445962,2.31628802593447,1.40273730701931,0.00986330253110152,0.0517535894324902,0.010938380068829
13,250,"Race_or_Ethnicity","Hispanic",0.0819054707968321,0.0819054707968321,0.328307515275,0.0195653026496794,0.0185890914376657,0.00254430014990398
13,250,"Race_or_Ethnicity","Other",2.11449895756926,1.12355839495321,1.44115661910924,0.0193637599731243,0.0246791710334514,0.0248563251534229
13,0,"Gender","Female",0.834403260824115,Inf,0.934261737981576,0.00647849046765163,0.0207601209921836,0.00324187948891814
13,0,"Gender","Male",0.834403260824115,Inf,0.934261737981576,0.00647849046765151,0.0207601209921835,0.00324187948891824
13,0,"Age_Group","40-59",0.5213857085254,Inf,0.563736097442983,0.00640699927256522,0.0277840954291319,0.003675744275813
13,0,"Age_Group","59+",0.521385708525401,Inf,0.563736097442984,0.00640699927256544,0.027784095429132,0.00367574427581318
13,0,"Race_or_Ethnicity","NH White",0.481575485677857,Inf,0.470187723725901,0.0212711826019168,0.0123505890695514,0.00373137653999609
13,0,"Race_or_Ethnicity","NH Black",1.1286038443288,Inf,0.833281945960124,0.0204002577587909,0.00377367927348106,0.00759601133448429
13,0,"Race_or_Ethnicity","NH Asian",1.75365564445962,Inf,1.07135985750074,0.037044616583788,0.0517535894324902,0.0428046065411271
13,0,"Race_or_Ethnicity","Hispanic",0.0819054707968321,Inf,0.48267385612394,0.00772513352056761,0.0185890914376657,0.0033896346572754
13,0,"Race_or_Ethnicity","Other",2.11449895756926,Inf,1.78467332007248,0.0410915538863591,0.0246791710334514,0.0309858418348342
14,1000,"Gender","Female",0.654277094593596,0.932608784556897,0.932608784556897,0.00693462263646479,7.64772234491779e-05,0.00693462263646479
14,1000,"Gender","Male",0.654277094593596,0.932608784556898,0.932608784556898,0.00693462263646495,7.64772234490609e-05,0.00693462263646495
14,1000,"Age_Group","40-59",0.5213857085254,0.485833571095756,0.485833571095756,0.0058866143268559,0.00982470635323652,0.0058866143268559
14,1000,"Age_Group","59+",0.521385708525401,0.485833571095756,0.485833571095756,0.00588661432685614,0.00982470635323626,0.00588661432685614
14,1000,"Race_or_Ethnicity","NH White",0.452731531729187,0.514374450834343,0.514374450834343,0.00668370316989602,0.0068957438527869,0.00668370316989602
14,1000,"Race_or_Ethnicity","NH Black",1.02082804014866,1.15717599208561,1.15717599208561,0.0196591923481619,0.00446052159380753,0.0196591923481619
14,1000,"Race_or_Ethnicity","NH Asian",1.20961117742963,1.75365564445962,1.75365564445962,0.00891659794893564,0.0348183259860262,0.00891659794893564
14,1000,"Race_or_Ethnicity","Hispanic",0.172089110446418,0.102499279318852,0.102499279318852,0.0074890930374843,0.00954883084964134,0.0074890930374843
14,1000,"Race_or_Ethnicity","Other",1.9593417351306,2.11449895756926,2.11449895756926,0.025878683396024,0.0476761691874134,0.025878683396024
14,750,"Gender","Female",0.654277094593596,0.963015135477759,0.984043847143695,0.00407909877401411,7.64772234491779e-05,0.00696474741138792
14,750,"Gender","Male",0.654277094593596,0.963015135477759,0.984043847143695,0.00407909877401397,7.64772234490609e-05,0.00696474741138805
14,750,"Age_Group","40-59",0.5213857085254,0.39805796021337,0.4619292166388,0.00803898981405526,0.00982470635323652,0.0312418392377881
14,750,"Age_Group","59+",0.521385708525401,0.398057960213371,0.4619292166388,0.00803898981405499,0.00982470635323626,0.0312418392377879
14,750,"Race_or_Ethnicity","NH White",0.452731531729187,0.522548705086538,0.528390996897788,0.00456759503054974,0.0068957438527869,0.0183531673339411
14,750,"Race_or_Ethnicity","NH Black",1.02082804014866,1.15559715075324,1.09247241585114,0.000270237469271365,0.00446052159380753,0.0118809928644195
14,750,"Race_or_Ethnicity","NH Asian",1.20961117742963,1.80278143541522,1.32860363191077,0.0338949120509075,0.0348183259860262,0.0242247739934353
14,750,"Race_or_Ethnicity","Hispanic",0.172089110446418,0.122767504555546,0.215804945347857,0.0151158846550481,0.00954883084964134,0.0343939226455003
14,750,"Race_or_Ethnicity","Other",1.9593417351306,2.0084675260862,1.90828152587528,0.00715285636352451,0.0476761691874134,0.0275736328306323
14,500,"Gender","Female",0.654277094593596,1.04368601134609,1.0164656308416,0.0020683251517706,7.64772234491779e-05,0.00228991315921446
14,500,"Gender","Male",0.654277094593596,1.04368601134609,1.0164656308416,0.00206832515177074,7.64772234490609e-05,0.00228991315921435
14,500,"Age_Group","40-59",0.5213857085254,0.372149775354705,0.494404599255923,0.00459348588544027,0.00982470635323652,0.0105402577741948
14,500,"Age_Group","59+",0.521385708525401,0.372149775354706,0.494404599255923,0.00459348588544007,0.00982470635323626,0.0105402577741945
14,500,"Race_or_Ethnicity","NH White",0.452731531729187,0.473348778317575,0.495030319335727,0.0156395091580471,0.0068957438527869,0.0100211902565551
14,500,"Race_or_Ethnicity","NH Black",1.02082804014866,1.13338867981636,1.0335166201934,0.0177688346077977,0.00446052159380753,0.0221260825378771
14,500,"Race_or_Ethnicity","NH Asian",1.20961117742963,2.31628802593447,1.44362409935618,0.0437482551109075,0.0348183259860262,0.022699727278067
14,500,"Race_or_Ethnicity","Hispanic",0.172089110446418,0.060973695191175,0.242243427421846,0.0100255905817469,0.00954883084964134,0.0381740671849493
14,500,"Race_or_Ethnicity","Other",1.9593417351306,1.82480278574578,1.66689947483038,0.0621788855197823,0.0476761691874134,0.0070648384347094
14,250,"Gender","Female",0.654277094593596,0.969135854794272,0.970256158198439,0.00477755271110312,7.64772234491779e-05,0.0149308089811305
14,250,"Gender","Male",0.654277094593596,0.969135854794272,0.970256158198439,0.00477755271110297,7.64772234490609e-05,0.0149308089811304
14,250,"Age_Group","40-59",0.5213857085254,0.428112814409869,0.586814669959037,0.00533809578531073,0.00982470635323652,0.00164747210407092
14,250,"Age_Group","59+",0.521385708525401,0.428112814409869,0.586814669959037,0.0053380957853105,0.00982470635323626,0.00164747210407109
14,250,"Race_or_Ethnicity","NH White",0.452731531729187,0.323016275565833,0.447949524781953,0.00857978823088875,0.0068957438527869,0.0134806759380647
14,250,"Race_or_Ethnicity","NH Black",1.02082804014866,1.04576698849591,0.970089100553002,0.00876416898652312,0.00446052159380753,0.0195834953144396
14,250,"Race_or_Ethnicity","NH Asian",1.20961117742963,2.31628802593447,1.94171491730549,0.0291465041317603,0.0348183259860262,0.0185279612479363
14,250,"Race_or_Ethnicity","Hispanic",0.172089110446418,0.0492407926717187,0.281163609934163,0.0224540118866797,0.00954883084964134,0.040917229409621
14,250,"Race_or_Ethnicity","Other",1.9593417351306,Inf,1.63596616933957,0.0239674867830425,0.0476761691874134,0.021195306127135
14,0,"Gender","Female",0.654277094593596,Inf,0.87924408759876,0.0022027624953243,7.64772234491779e-05,0.0239695364921239
14,0,"Gender","Male",0.654277094593596,Inf,0.87924408759876,0.00220276249532421,7.64772234490609e-05,0.0239695364921241
14,0,"Age_Group","40-59",0.5213857085254,Inf,0.655561432718393,0.00338761026884629,0.00982470635323652,0.00281611694562921
14,0,"Age_Group","59+",0.521385708525401,Inf,0.655561432718393,0.00338761026884607,0.00982470635323626,0.00281611694562941
14,0,"Race_or_Ethnicity","NH White",0.452731531729187,Inf,0.580520704359026,0.00731850411574215,0.0068957438527869,0.0101833366360395
14,0,"Race_or_Ethnicity","NH Black",1.02082804014866,Inf,0.906054914883836,0.00353322341600918,0.00446052159380753,0.016566176933267
14,0,"Race_or_Ethnicity","NH Asian",1.20961117742963,Inf,0.800944851230499,0.0248316306887502,0.0348183259860262,0.0406352235940605
14,0,"Race_or_Ethnicity","Hispanic",0.172089110446418,Inf,0.531316312221434,0.0237885750982306,0.00954883084964134,0.0381385722166005
14,0,"Race_or_Ethnicity","Other",1.9593417351306,Inf,1.51261058984381,0.0105259985298722,0.0476761691874134,0.00143198895405431
15,1000,"Gender","Female",0.883117784889128,0.777730873725204,0.777730873725204,0.00251097910543106,0.00858018197108151,0.00251097910543106
15,1000,"Gender","Male",0.883117784889128,0.777730873725204,0.777730873725204,0.00251097910543116,0.00858018197108138,0.00251097910543116
15,1000,"Age_Group","40-59",0.405526254820896,0.433802924445553,0.433802924445553,0.0043554683178705,0.005269720348694,0.0043554683178705
15,1000,"Age_Group","59+",0.405526254820896,0.433802924445553,0.433802924445553,0.00435546831787071,0.00526972034869415,0.00435546831787071
15,1000,"Race_or_Ethnicity","NH White",0.493894856993925,0.489791108621488,0.489791108621488,0.0111381377342794,0.00257173776700045,0.0111381377342794
15,1000,"Race_or_Ethnicity","NH Black",1.08022939268209,1.17134173878234,1.17134173878234,0.0251375517772383,0.00998771536594965,0.0251375517772383
15,1000,"Race_or_Ethnicity","NH Asian",1.50032508646353,1.90881286689828,1.90881286689828,0.022384731199416,0.0104299153059937,0.022384731199416
15,1000,"Race_or_Ethnicity","Hispanic",0.132783212655383,0.0180431212346934,0.0180431212346934,0.0137718351803313,0.00206505647475386,0.0137718351803313
15,1000,"Race_or_Ethnicity","Other",1.41529726810061,2.11449895756926,2.11449895756926,0.00168440427172725,0.000389403299084634,0.00168440427172725
15,750,"Gender","Female",0.883117784889128,0.784945828949106,0.841786716588925,0.00527849839291956,0.00858018197108151,0.0137167779383919
15,750,"Gender","Male",0.883117784889128,0.784945828949106,0.841786716588925,0.00527849839291947,0.00858018197108138,0.0137167779383921
15,750,"Age_Group","40-59",0.405526254820896,0.428112814409869,0.478256645097362,0.00862572007304599,0.005269720348694,0.00768318090105386
15,750,"Age_Group","59+",0.405526254820896,0.428112814409869,0.478256645097362,0.00862572007304572,0.00526972034869415,0.00768318090105409
15,750,"Race_or_Ethnicity","NH White",0.493894856993925,0.517100287990703,0.528971172652757,0.0193971691766944,0.00257173776700045,0.000998752590939981
15,750,"Race_or_Ethnicity","NH Black",1.08022939268209,1.1994429472129,1.12101536838532,0.0116503155374235,0.00998771536594965,0.00583255302671276
15,750,"Race_or_Ethnicity","NH Asian",1.50032508646353,2.02726636855363,1.55101756794473,0.0146271951027162,0.0104299153059937,0.0093941487717702
15,750,"Race_or_Ethnicity","Hispanic",0.132783212655383,0.0396908624190639,0.181223423461751,0.0140276187127008,0.00206505647475386,0.0277525178198764
15,750,"Race_or_Ethnicity","Other",1.41529726810061,2.23295245922461,1.91091774777033,0.0440289516824897,0.000389403299084634,0.00511521576533663
15,500,"Gender","Female",0.883117784889128,0.721925277397425,0.837651226802902,0.00441047330673588,0.00858018197108151,0.00218809706053127
15,500,"Gender","Male",0.883117784889128,0.721925277397425,0.837651226802902,0.00441047330673575,0.00858018197108138,0.00218809706053113
15,500,"Age_Group","40-59",0.405526254820896,0.405526254820896,0.481322739531299,0.00334595202336275,0.005269720348694,0.00363754290420411
15,500,"Age_Group","59+",0.405526254820896,0.405526254820896,0.481322739531299,0.0033459520233625,0.00526972034869415,0.00363754290420434
15,500,"Race_or_Ethnicity","NH White",0.493894856993925,0.579515420580926,0.559627549675187,0.0087192144528451,0.00257173776700045,0.0276096141659199
15,500,"Race_or_Ethnicity","NH Black",1.08022939268209,1.26389586779117,1.1119275835549,0.0133054148280583,0.00998771536594965,0.00886559244918617
15,500,"Race_or_Ethnicity","NH Asian",1.50032508646353,1.6191166950748,1.38836039009768,0.0183002638784812,0.0104299153059937,0.0135101352727888
15,500,"Race_or_Ethnicity","Hispanic",0.132783212655383,0.00398420108359732,0.214134780488611,0.0238673612261307,0.00206505647475386,0.00386653981766631
15,500,"Race_or_Ethnicity","Other",1.41529726810061,1.82480278574578,1.43534344885082,0.00363158223868288,0.000389403299084634,0.0673538253951936
15,250,"Gender","Female",0.883117784889128,0.687968463363685,0.868593777128291,0.015347379242097,0.00858018197108151,0.00671143094779259
15,250,"Gender","Male",0.883117784889128,0.687968463363685,0.868593777128291,0.0153473792420972,0.00858018197108138,0.00671143094779248
15,250,"Age_Group","40-59",0.405526254820896,0.428112814409869,0.479529567230172,0.00918881499493479,0.005269720348694,0.00670844535868377
15,250,"Age_Group","59+",0.405526254820896,0.428112814409869,0.479529567230172,0.00918881499493455,0.00526972034869415,0.00670844535868396
15,250,"Race_or_Ethnicity","NH White",0.493894856993925,0.506190295420606,0.518417381072279,0.0118578733972139,0.00257173776700045,0.00189921299281182
15,250,"Race_or_Ethnicity","NH Black",1.08022939268209,1.23645679496038,1.04416473447053,0.0252742023631764,0.00998771536594965,0.00880684557490529
15,250,"Race_or_Ethnicity","NH Asian",1.50032508646353,1.20961117742963,1.13332444929261,0.00212336866979522,0.0104299153059937,0.00408789249282605
15,250,"Race_or_Ethnicity","Hispanic",0.132783212655383,0.195959189578195,0.207962395831092,0.00233552920359729,0.00206505647475386,0.00979289931349473
15,250,"Race_or_Ethnicity","Other",1.41529726810061,1.82480278574578,1.33091198784774,0.0308394213389524,0.000389403299084634,0.0335081085585147
15,0,"Gender","Female",0.883117784889128,Inf,1.0310320290541,0.0126294346227867,0.00858018197108151,0.0041197511686246
15,0,"Gender","Male",0.883117784889128,Inf,1.0310320290541,0.0126294346227869,0.00858018197108138,0.00411975116862442
15,0,"Age_Group","40-59",0.405526254820896,Inf,0.625593792375143,0.0123835495195654,0.005269720348694,0.013867722439971
15,0,"Age_Group","59+",0.405526254820896,Inf,0.625593792375143,0.0123835495195656,0.00526972034869415,0.0138677224399707
15,0,"Race_or_Ethnicity","NH White",0.493894856993925,Inf,0.538288082436149,0.0165464673474818,0.00257173776700045,0.0154679473890348
15,0,"Race_or_Ethnicity","NH Black",1.08022939268209,Inf,0.890274758259227,0.0312183588777965,0.00998771536594965,0.0123850292505419
15,0,"Race_or_Ethnicity","NH Asian",1.50032508646353,Inf,1.19644575507713,0.0455822465993591,0.0104299153059937,0.0338724097435584
15,0,"Race_or_Ethnicity","Hispanic",0.132783212655383,Inf,0.498607605352933,0.0215412601820704,0.00206505647475386,0.00497862912737688
15,0,"Race_or_Ethnicity","Other",1.41529726810061,Inf,1.28613935829139,0.044845889314092,0.000389403299084634,0.0239543568954575
